datehour;date;hour;prediction;upper_bound_mae;lower_bound_mae;upper_bound_confidence_90;lower_bound_confidence_90;trend;trend_class
2023010106;2023-01-01;6;100.0;100;100.0;100;94.62697997590362;70.83333333333333;6.0
2023010112;2023-01-01;12;100.0;100;100.0;100;90.9501916458255;66.66666666666667;5.0
2023010118;2023-01-01;18;100.0;100;100.0;100;91.08863463898956;79.16666666666667;6.0
2023010206;2023-01-02;6;100.0;100;100.0;100;99.06699767609894;58.333333333333336;5.0
2023010212;2023-01-02;12;100.0;100;100.0;100;81.91329589387237;45.833333333333336;4.0
2023010218;2023-01-02;18;100.0;100;100.0;100;100.0;45.833333333333336;4.0
2023010306;2023-01-03;6;100.0;100;100.0;100;100.0;66.66666666666667;5.0
2023010312;2023-01-03;12;100.0;100;100.0;100;93.32021728059112;70.83333333333333;6.0
2023010318;2023-01-03;18;100.0;100;100.0;100;98.85879149934112;85.41666666666667;7.0
2023010406;2023-01-04;6;100.0;100;100.0;100;100.0;95.83333333333331;8.0
2023010412;2023-01-04;12;100.0;100;100.0;100;100.0;89.58333333333333;7.0
2023010418;2023-01-04;18;100.0;100;100.0;100;100.0;95.83333333333331;8.0
2023010506;2023-01-05;6;100.0;100;100.0;100;100.0;83.33333333333333;7.0
2023010512;2023-01-05;12;100.0;100;100.0;100;99.170528559888;85.41666666666667;7.0
2023010518;2023-01-05;18;100.0;100;100.0;100;100.0;79.16666666666667;6.0
2023010606;2023-01-06;6;100.0;100;100.0;100;100.0;83.33333333333333;7.0
2023010612;2023-01-06;12;100.0;100;100.0;100;100.0;89.58333333333333;7.0
2023010618;2023-01-06;18;100.0;100;100.0;100;91.43000426789581;95.83333333333331;8.0
2023010706;2023-01-07;6;100.0;100;100.0;100;100.0;77.08333333333333;6.0
2023010712;2023-01-07;12;100.0;100;100.0;100;95.61378112336456;72.91666666666667;6.0
2023010718;2023-01-07;18;100.0;100;100.0;100;87.90290465852081;85.41666666666667;7.0
2023010806;2023-01-08;6;100.0;100;100.0;100;100.0;66.66666666666667;5.0
2023010812;2023-01-08;12;100.0;100;100.0;100;100.0;68.75;6.0
2023010818;2023-01-08;18;100.0;100;100.0;100;99.72491088410675;79.16666666666667;6.0
2023010906;2023-01-09;6;100.0;100;100.0;100;100.0;72.91666666666667;6.0
2023010912;2023-01-09;12;100.0;100;100.0;100;97.7868615677005;75.0;6.0
2023010918;2023-01-09;18;100.0;100;100.0;100;98.74235168000519;72.91666666666667;6.0
2023011006;2023-01-10;6;100.0;100;100.0;100;100.0;89.58333333333333;7.0
2023011012;2023-01-10;12;100.0;100;100.0;100;100.0;91.66666666666669;7.0
2023011018;2023-01-10;18;100.0;100;100.0;100;100.0;75.0;6.0
2023011106;2023-01-11;6;100.0;100;100.0;100;100.0;81.25;6.0
2023011112;2023-01-11;12;100.0;100;100.0;100;100.0;85.41666666666667;7.0
2023011118;2023-01-11;18;100.0;100;100.0;100;100.0;85.41666666666667;7.0
2023011206;2023-01-12;6;100.0;100;100.0;100;96.12580504914581;66.66666666666667;5.0
2023011212;2023-01-12;12;100.0;100;100.0;100;92.09525695344269;91.66666666666669;7.0
2023011218;2023-01-12;18;100.0;100;100.0;100;99.42863097688019;93.75;8.0
2023011306;2023-01-13;6;100.0;100;100.0;100;100.0;83.33333333333333;7.0
2023011312;2023-01-13;12;100.0;100;100.0;100;100.0;93.75;8.0
2023011318;2023-01-13;18;100.0;100;100.0;100;100.0;100.0;8.0
2023011406;2023-01-14;6;100.0;100;100.0;100;100.0;66.66666666666667;5.0
2023011412;2023-01-14;12;100.0;100;100.0;100;90.13798156281769;77.08333333333333;6.0
2023011418;2023-01-14;18;100.0;100;100.0;100;98.84492126008331;81.25;6.0
2023011506;2023-01-15;6;100.0;100;100.0;100;100.0;75.0;6.0
2023011512;2023-01-15;12;100.0;100;100.0;100;97.32038512727081;77.08333333333333;6.0
2023011518;2023-01-15;18;100.0;100;100.0;100;100.0;87.5;7.0
2023011606;2023-01-16;6;100.0;100;100.0;100;100.0;85.41666666666667;7.0
2023011612;2023-01-16;12;100.0;100;100.0;100;100.0;79.16666666666667;6.0
2023011618;2023-01-16;18;100.0;100;100.0;100;100.0;77.08333333333333;6.0
2023011706;2023-01-17;6;100.0;100;100.0;100;100.0;100.0;8.0
2023011712;2023-01-17;12;100.0;100;100.0;100;100.0;100.0;8.0
2023011718;2023-01-17;18;100.0;100;100.0;100;100.0;100.0;8.0
2023011806;2023-01-18;6;100.0;100;100.0;100;100.0;93.75;8.0
2023011812;2023-01-18;12;100.0;100;100.0;100;100.0;100.0;8.0
2023011818;2023-01-18;18;100.0;100;100.0;100;100.0;100.0;8.0
2023011906;2023-01-19;6;100.0;100;100.0;100;100.0;79.16666666666667;6.0
2023011912;2023-01-19;12;100.0;100;100.0;100;100.0;81.25;6.0
2023011918;2023-01-19;18;100.0;100;100.0;100;100.0;75.0;6.0
2023012006;2023-01-20;6;100.0;100;100.0;100;100.0;97.91666666666669;8.0
2023012012;2023-01-20;12;100.0;100;100.0;100;100.0;97.91666666666669;8.0
2023012018;2023-01-20;18;100.0;100;100.0;100;99.65923705598175;83.33333333333333;7.0
2023012106;2023-01-21;6;100.0;100;100.0;100;100.0;75.0;6.0
2023012112;2023-01-21;12;100.0;100;100.0;100;96.965938716138;81.25;6.0
2023012118;2023-01-21;18;100.0;100;100.0;100;99.727413325513;75.0;6.0
2023012206;2023-01-22;6;100.0;100;100.0;100;100.0;60.41666666666666;5.0
2023012212;2023-01-22;12;100.0;100;100.0;100;87.48962798615753;60.41666666666666;5.0
2023012218;2023-01-22;18;100.0;100;100.0;100;85.0026589920169;52.083333333333336;4.0
2023012306;2023-01-23;6;100.0;100;100.0;100;96.15052428742706;83.33333333333333;7.0
2023012312;2023-01-23;12;100.0;100;100.0;100;92.54403319855987;83.33333333333333;7.0
2023012318;2023-01-23;18;100.0;100;100.0;100;92.78556457063019;79.16666666666667;6.0
2023012406;2023-01-24;6;100.0;100;100.0;100;92.94167724152862;83.33333333333333;7.0
2023012412;2023-01-24;12;100.0;100;100.0;100;98.06763854523956;77.08333333333333;6.0
2023012418;2023-01-24;18;100.0;100;100.0;100;92.2175256302005;95.83333333333331;8.0
2023012506;2023-01-25;6;100.0;100;100.0;100;92.664425044263;85.41666666666667;7.0
2023012512;2023-01-25;12;100.0;100;100.0;100;99.03402343293487;77.08333333333333;6.0
2023012518;2023-01-25;18;100.0;100;100.0;100;99.64178100129425;60.41666666666666;5.0
2023012606;2023-01-26;6;100.0;100;100.0;100;100.0;77.08333333333333;6.0
2023012612;2023-01-26;12;100.0;100;100.0;100;100.0;75.0;6.0
2023012618;2023-01-26;18;100.0;100;100.0;100;100.0;87.5;7.0
2023012706;2023-01-27;6;100.0;100;100.0;100;94.27085509797394;75.0;6.0
2023012712;2023-01-27;12;100.0;100;100.0;100;89.45565429230987;68.75;6.0
2023012718;2023-01-27;18;100.0;100;100.0;100;93.33662047883331;62.5;5.0
2023012806;2023-01-28;6;100.0;100;100.0;100;99.92676940461456;72.91666666666667;6.0
2023012812;2023-01-28;12;100.0;100;100.0;100;95.56072631379425;75.0;6.0
2023012818;2023-01-28;18;100.0;100;100.0;100;95.92182555695831;77.08333333333333;6.0
2023012906;2023-01-29;6;100.0;100;100.0;100;95.30727782746612;68.75;6.0
2023012912;2023-01-29;12;100.0;100;100.0;100;85.84658446809112;77.08333333333333;6.0
2023012918;2023-01-29;18;100.0;100;100.0;100;94.16720214387237;91.66666666666669;7.0
2023013006;2023-01-30;6;100.0;100;100.0;100;98.386837153638;91.66666666666669;7.0
2023013012;2023-01-30;12;100.0;100;100.0;100;93.1364709427005;87.5;7.0
2023013018;2023-01-30;18;100.0;100;100.0;100;86.4936486770755;68.75;6.0
2023013106;2023-01-31;6;100.0;100;100.0;100;100.0;81.25;6.0
2023013112;2023-01-31;12;100.0;100;100.0;100;100.0;97.91666666666669;8.0
2023013118;2023-01-31;18;100.0;100;100.0;100;100.0;89.58333333333333;7.0
2023020106;2023-02-01;6;100.0;100;100.0;100;98.6594201614505;91.66666666666669;7.0
2023020112;2023-02-01;12;100.0;100;100.0;100;92.28471007844269;95.83333333333331;8.0
2023020118;2023-02-01;18;100.0;100;100.0;100;100.0;85.41666666666667;7.0
2023020206;2023-02-02;6;100.0;100;100.0;100;94.27193847199737;93.75;8.0
2023020212;2023-02-02;12;100.0;100;100.0;100;100.0;95.83333333333331;8.0
2023020218;2023-02-02;18;100.0;100;100.0;100;96.91535583039581;77.08333333333333;6.0
2023020306;2023-02-03;6;100.0;100;100.0;100;99.09255614777862;58.333333333333336;5.0
2023020312;2023-02-03;12;100.0;100;100.0;100;94.24345031281769;66.66666666666667;5.0
2023020318;2023-02-03;18;100.0;100;100.0;100;92.51969543000519;64.58333333333333;5.0
2023020406;2023-02-04;6;100.0;100;100.0;100;100.0;85.41666666666667;7.0
2023020412;2023-02-04;12;100.0;100;100.0;100;98.79488769074737;91.66666666666669;7.0
2023020418;2023-02-04;18;100.0;100;100.0;100;100.0;91.66666666666669;7.0
2023020506;2023-02-05;6;100.0;100;100.0;100;100.0;97.91666666666669;8.0
2023020512;2023-02-05;12;100.0;100;100.0;100;96.64292541047394;77.08333333333333;6.0
2023020518;2023-02-05;18;100.0;100;100.0;100;97.64390197297394;87.5;7.0
2023020606;2023-02-06;6;100.0;100;100.0;100;100.0;89.58333333333333;7.0
2023020612;2023-02-06;12;100.0;100;100.0;100;98.7424279739505;83.33333333333333;7.0
2023020618;2023-02-06;18;100.0;100;100.0;100;100.0;79.16666666666667;6.0
2023020706;2023-02-07;6;100.0;100;100.0;100;100.0;83.33333333333333;7.0
2023020712;2023-02-07;12;100.0;100;100.0;100;90.30323424836456;87.5;7.0
2023020718;2023-02-07;18;100.0;100;100.0;100;87.53189483186065;100.0;8.0
2023020806;2023-02-08;6;100.0;100;100.0;100;100.0;72.91666666666667;6.0
2023020812;2023-02-08;12;100.0;100;100.0;100;93.27988830109894;68.75;6.0
2023020818;2023-02-08;18;100.0;100;100.0;100;90.15601745148956;72.91666666666667;6.0
2023020906;2023-02-09;6;100.0;100;100.0;100;98.75535216828644;83.33333333333333;7.0
2023020912;2023-02-09;12;100.0;100;100.0;100;91.91401305695831;83.33333333333333;7.0
2023020918;2023-02-09;18;100.0;100;100.0;100;98.57305541535675;87.5;7.0
2023021006;2023-02-10;6;100.0;100;100.0;100;100.0;91.66666666666669;7.0
2023021012;2023-02-10;12;100.0;100;100.0;100;93.25809875031769;79.16666666666667;6.0
2023021018;2023-02-10;18;100.0;100;100.0;100;99.15548339387237;85.41666666666667;7.0
2023021106;2023-02-11;6;100.0;100;100.0;100;98.25039306184112;91.66666666666669;7.0
2023021112;2023-02-11;12;100.0;100;100.0;100;86.91801085969269;68.75;6.0
2023021118;2023-02-11;18;100.0;100;100.0;100;85.83343902131378;52.083333333333336;4.0
2023021206;2023-02-12;6;100.0;100;100.0;100;93.64167418977081;60.41666666666666;5.0
2023021212;2023-02-12;12;100.0;100;100.0;100;93.17428222199737;81.25;6.0
2023021218;2023-02-12;18;100.0;100;100.0;100;90.51284423371612;81.25;6.0
2023021306;2023-02-13;6;100.0;100;100.0;100;100.0;100.0;8.0
2023021312;2023-02-13;12;100.0;100;100.0;100;93.30514159699737;85.41666666666667;7.0
2023021318;2023-02-13;18;100.0;100;100.0;100;92.390987544263;64.58333333333333;5.0
2023021406;2023-02-14;6;100.0;100;100.0;100;98.54681029816925;83.33333333333333;7.0
2023021412;2023-02-14;12;100.0;100;100.0;100;94.49338927766144;68.75;6.0
2023021418;2023-02-14;18;100.0;100;100.0;100;92.03487792512237;72.91666666666667;6.0
2023021506;2023-02-15;6;100.0;100;100.0;100;100.0;85.41666666666667;7.0
2023021512;2023-02-15;12;100.0;100;100.0;100;98.81516662141144;81.25;6.0
2023021518;2023-02-15;18;100.0;100;100.0;100;100.0;77.08333333333333;6.0
2023021606;2023-02-16;6;100.0;100;100.0;100;100.0;83.33333333333333;7.0
2023021612;2023-02-16;12;100.0;100;100.0;100;92.984005122388;79.16666666666667;6.0
2023021618;2023-02-16;18;100.0;100;100.0;100;96.6716271927005;81.25;6.0
2023021706;2023-02-17;6;100.0;100;100.0;100;91.0334435989505;79.16666666666667;6.0
2023021712;2023-02-17;12;100.0;100;100.0;100;90.39612975617706;64.58333333333333;5.0
2023021718;2023-02-17;18;100.0;100;100.0;100;100.0;70.83333333333333;6.0
2023021806;2023-02-18;6;100.0;100;100.0;100;97.28866210480987;89.58333333333333;7.0
2023021812;2023-02-18;12;100.0;100;100.0;100;89.7945291092044;100.0;8.0
2023021818;2023-02-18;18;100.0;100;100.0;100;88.0190393020755;95.83333333333331;8.0
2023021906;2023-02-19;6;100.0;100;100.0;100;100.0;85.41666666666667;7.0
2023021912;2023-02-19;12;100.0;100;100.0;100;92.73530211945831;95.83333333333331;8.0
2023021918;2023-02-19;18;100.0;100;100.0;100;96.51682677766144;95.83333333333331;8.0
2023022006;2023-02-20;6;100.0;100;100.0;100;98.97300353547394;95.83333333333331;8.0
2023022012;2023-02-20;12;100.0;100;100.0;100;92.78948607941925;95.83333333333331;8.0
2023022018;2023-02-20;18;100.0;100;100.0;100;93.7351037552005;95.83333333333331;8.0
2023022106;2023-02-21;6;100.0;100;100.0;100;100.0;89.58333333333333;7.0
2023022112;2023-02-21;12;100.0;100;100.0;100;100.0;87.5;7.0
2023022118;2023-02-21;18;100.0;100;100.0;100;100.0;87.5;7.0
2023022206;2023-02-22;6;100.0;100;100.0;100;100.0;87.5;7.0
2023022212;2023-02-22;12;100.0;100;100.0;100;92.54389586945831;85.41666666666667;7.0
2023022218;2023-02-22;18;100.0;100;100.0;100;100.0;91.66666666666669;7.0
2023022306;2023-02-23;6;100.0;100;100.0;100;97.82528319855987;89.58333333333333;7.0
2023022312;2023-02-23;12;100.0;100;100.0;100;88.45231261750519;77.08333333333333;6.0
2023022318;2023-02-23;18;100.0;100;100.0;100;94.82053771516144;83.33333333333333;7.0
2023022406;2023-02-24;6;100.0;100;100.0;100;100.0;75.0;6.0
2023022412;2023-02-24;12;100.0;100;100.0;100;91.8832971145755;83.33333333333333;7.0
2023022418;2023-02-24;18;100.0;100;100.0;100;99.42954650422394;79.16666666666667;6.0
2023022506;2023-02-25;6;100.0;100;100.0;100;100.0;83.33333333333333;7.0
2023022512;2023-02-25;12;100.0;100;100.0;100;94.9426232864505;85.41666666666667;7.0
2023022518;2023-02-25;18;100.0;100;100.0;100;100.0;97.91666666666669;8.0
2023022606;2023-02-26;6;100.0;100;100.0;100;100.0;83.33333333333333;7.0
2023022612;2023-02-26;12;100.0;100;100.0;100;86.2356912185794;89.58333333333333;7.0
2023022618;2023-02-26;18;100.0;100;100.0;100;92.59243407746612;75.0;6.0
2023022706;2023-02-27;6;100.0;100;100.0;100;100.0;79.16666666666667;6.0
2023022712;2023-02-27;12;100.0;100;100.0;100;84.09532561799347;68.75;6.0
2023022718;2023-02-27;18;100.0;100;100.0;100;88.58606353303253;75.0;6.0
2023022806;2023-02-28;6;100.0;100;100.0;100;100.0;75.0;6.0
2023022812;2023-02-28;12;100.0;100;100.0;100;100.0;87.5;7.0
2023022818;2023-02-28;18;100.0;100;100.0;100;100.0;89.58333333333333;7.0
2023030106;2023-03-01;6;100.0;100;100.0;100;100.0;91.66666666666669;7.0
2023030112;2023-03-01;12;100.0;100;100.0;100;97.78437438508331;79.16666666666667;6.0
2023030118;2023-03-01;18;100.0;100;100.0;100;100.0;70.83333333333333;6.0
2023030206;2023-03-02;6;100.0;100;100.0;100;97.05179992219269;87.5;7.0
2023030212;2023-03-02;12;100.0;100;100.0;100;83.20738616486847;89.58333333333333;7.0
2023030218;2023-03-02;18;100.0;100;100.0;100;88.96119323273956;77.08333333333333;6.0
2023030306;2023-03-03;6;100.0;100;100.0;100;100.0;70.83333333333333;6.0
2023030312;2023-03-03;12;100.0;100;99.08298683166504;100;78.86553588410675;62.5;5.0
2023030318;2023-03-03;18;100.0;100;93.10282325744629;100;72.885372309888;85.41666666666667;7.0
2023030406;2023-03-04;6;100.0;100;100.0;100;96.07427611848175;75.0;6.0
2023030412;2023-03-04;12;100.0;100;98.56279182434082;100;78.34534087678253;58.333333333333336;5.0
2023030418;2023-03-04;18;100.0;100;100.0;100;81.35089507600128;64.58333333333333;5.0
2023030506;2023-03-05;6;100.0;100;100.0;100;92.3779260208255;62.5;5.0
2023030512;2023-03-05;12;100.0;100;100.0;100;83.21181121369659;68.75;6.0
2023030518;2023-03-05;18;100.0;100;100.0;100;89.409053950513;70.83333333333333;6.0
2023030606;2023-03-06;6;100.0;100;100.0;100;100.0;70.83333333333333;6.0
2023030612;2023-03-06;12;100.0;100;100.0;100;91.25382628938019;64.58333333333333;5.0
2023030618;2023-03-06;18;100.0;100;100.0;100;90.26690307160675;66.66666666666667;5.0
2023030706;2023-03-07;6;100.0;100;100.0;100;92.36024108430206;72.91666666666667;6.0
2023030712;2023-03-07;12;100.0;100;95.50980567932129;100;75.292354731763;77.08333333333333;6.0
2023030718;2023-03-07;18;100.0;100;100.0;100;87.14789214631378;70.83333333333333;6.0
2023030806;2023-03-08;6;100.0;100;100.0;100;100.0;72.91666666666667;6.0
2023030812;2023-03-08;12;100.0;100;92.2353687286377;100;72.0179177810794;60.41666666666666;5.0
2023030818;2023-03-08;18;100.0;100;99.23698616027832;100;79.01953521272003;52.083333333333336;4.0
2023030906;2023-03-09;6;100.0;100;100.0;100;100.0;83.33333333333333;7.0
2023030912;2023-03-09;12;100.0;100;100.0;100;99.43923583527862;93.75;8.0
2023030918;2023-03-09;18;100.0;100;100.0;100;90.75481811066925;83.33333333333333;7.0
2023031006;2023-03-10;6;100.0;100;100.0;100;94.58784118195831;79.16666666666667;6.0
2023031012;2023-03-10;12;100.0;100;100.0;100;94.92335143586456;85.41666666666667;7.0
2023031018;2023-03-10;18;100.0;100;100.0;100;100.0;91.66666666666669;7.0
2023031106;2023-03-11;6;100.0;100;100.0;100;98.10097899934112;79.16666666666667;6.0
2023031112;2023-03-11;12;100.0;100;100.0;100;87.24721160432159;64.58333333333333;5.0
2023031118;2023-03-11;18;100.0;100;100.0;100;89.719112544263;47.91666666666666;4.0
2023031206;2023-03-12;6;100.0;100;100.0;100;96.13543334504425;62.5;5.0
2023031212;2023-03-12;12;100.0;100;98.80292701721191;100;78.58547606965362;66.66666666666667;5.0
2023031218;2023-03-12;18;100.0;100;100.0;100;81.17853942414581;58.333333333333336;5.0
2023031306;2023-03-13;6;100.0;100;100.0;100;94.99729552766144;66.66666666666667;5.0
2023031312;2023-03-13;12;100.0;100;99.47019386291504;100;79.25274291535675;62.5;5.0
2023031318;2023-03-13;18;100.0;100;100.0;100;83.92634215852081;64.58333333333333;5.0
2023031406;2023-03-14;6;100.0;100;100.0;100;100.0;79.16666666666667;6.0
2023031412;2023-03-14;12;100.0;100;100.0;100;90.63042846223175;83.33333333333333;7.0
2023031418;2023-03-14;18;100.0;100;100.0;100;89.31671538850128;56.25;4.0
2023031506;2023-03-15;6;100.0;100;100.0;100;95.41483703156769;89.58333333333333;7.0
2023031512;2023-03-15;12;100.0;100;100.0;100;91.21128478547394;91.66666666666669;7.0
2023031518;2023-03-15;18;100.0;100;100.0;100;90.964229731763;85.41666666666667;7.0
2023031606;2023-03-16;6;100.0;100;100.0;100;100.0;81.25;6.0
2023031612;2023-03-16;12;100.0;100;100.0;100;93.30941405793487;79.16666666666667;6.0
2023031618;2023-03-16;18;100.0;100;100.0;100;100.0;87.5;7.0
2023031706;2023-03-17;6;100.0;100;100.0;100;96.18821349641144;83.33333333333333;7.0
2023031712;2023-03-17;12;100.0;100;100.0;100;84.74805083772003;81.25;6.0
2023031718;2023-03-17;18;100.0;100;100.0;100;87.73418822785675;79.16666666666667;6.0
2023031806;2023-03-18;6;100.0;100;100.0;100;91.07511535188019;81.25;6.0
2023031812;2023-03-18;12;100.0;100;90.25319862365723;100;70.03574767609894;68.75;6.0
2023031818;2023-03-18;18;100.0;100;96.20941352844238;100;75.99196258088409;68.75;6.0
2023031906;2023-03-19;6;100.0;100;100.0;100;86.03200164338409;60.41666666666666;5.0
2023031912;2023-03-19;12;100.0;100;97.2235050201416;100;77.00605407258331;77.08333333333333;6.0
2023031918;2023-03-19;18;100.0;100;89.02919960021973;100;68.81174865266144;75.0;6.0
2023032006;2023-03-20;6;100.0;100;100.0;100;92.85335937043487;75.0;6.0
2023032012;2023-03-20;12;100.0;100;92.30349922180176;100;72.08604827424347;58.333333333333336;5.0
2023032018;2023-03-20;18;100.0;100;100.0;100;82.15716949006378;60.41666666666666;5.0
2023032106;2023-03-21;6;100.0;100;100.0;100;93.7040978958255;72.91666666666667;6.0
2023032112;2023-03-21;12;100.0;100;95.34406471252441;100;75.12661376496612;79.16666666666667;6.0
2023032118;2023-03-21;18;100.0;100;97.51642036437988;100;77.29896941682159;87.5;7.0
2023032206;2023-03-22;6;100.0;100;100.0;100;92.222530513013;66.66666666666667;5.0
2023032212;2023-03-22;12;100.0;100;99.62065315246582;100;79.40320220490753;60.41666666666666;5.0
2023032218;2023-03-22;18;100.0;100;85.3587589263916;100;65.14130797883331;75.0;6.0
2023032306;2023-03-23;6;100.0;100;100.0;100;100.0;58.333333333333336;5.0
2023032312;2023-03-23;12;100.0;100;99.62471199035645;100;79.40726104279815;50.0;4.0
2023032318;2023-03-23;18;100.0;100;100.0;100;87.10899749299347;64.58333333333333;5.0
2023032406;2023-03-24;6;100.0;100;100.0;100;91.83790221711456;68.75;6.0
2023032412;2023-03-24;12;100.0;100;100.0;100;80.74541869660675;56.25;4.0
2023032418;2023-03-24;18;100.0;100;100.0;100;84.65338531037628;68.75;6.0
2023032506;2023-03-25;6;100.0;100;100.0;100;97.67898192902862;75.0;6.0
2023032512;2023-03-25;12;100.0;100;100.0;100;88.55305114289581;64.58333333333333;5.0
2023032518;2023-03-25;18;100.0;100;100.0;100;94.07259765168487;75.0;6.0
2023032606;2023-03-26;6;100.0;100;100.0;100;97.94825377961456;56.25;4.0
2023032612;2023-03-26;12;100.0;100;95.69551277160645;100;75.47806182404815;64.58333333333333;5.0
2023032618;2023-03-26;18;100.0;100;100.0;100;94.45496764680206;68.75;6.0
2023032706;2023-03-27;6;100.0;100;100.0;100;99.10020080109894;52.083333333333336;4.0
2023032712;2023-03-27;12;100.0;100;99.29627418518066;100;79.07882323762237;52.083333333333336;4.0
2023032718;2023-03-27;18;100.0;100;100.0;100;85.44231048127472;58.333333333333336;5.0
2023032806;2023-03-28;6;100.0;100;100.0;100;100.0;72.91666666666667;6.0
2023032812;2023-03-28;12;100.0;100;100.0;100;85.08807769318878;64.58333333333333;5.0
2023032818;2023-03-28;18;100.0;100;100.0;100;94.847774653638;58.333333333333336;5.0
2023032906;2023-03-29;6;100.0;100;100.0;100;97.80659118195831;79.16666666666667;6.0
2023032912;2023-03-29;12;100.0;100;96.33449745178223;100;76.11704650422394;72.91666666666667;6.0
2023032918;2023-03-29;18;100.0;100;100.0;100;88.04841247102081;37.5;3.0
2023033006;2023-03-30;6;100.0;100;100.0;100;100.0;68.75;6.0
2023033012;2023-03-30;12;100.0;100;100.0;100;83.97672668000519;62.5;5.0
2023033018;2023-03-30;18;100.0;100;100.0;100;96.43645873566925;70.83333333333333;6.0
2023033106;2023-03-31;6;100.0;100;100.0;100;98.62836852570831;77.08333333333333;6.0
2023033112;2023-03-31;12;100.0;100;100.0;100;85.52626433869659;79.16666666666667;6.0
2023033118;2023-03-31;18;100.0;100;100.0;100;85.03602233430206;75.0;6.0
2023040106;2023-04-01;6;100.0;100;100.0;100;100.0;77.08333333333333;6.0
2023040112;2023-04-01;12;100.0;100;100.0;100;84.27167907258331;70.83333333333333;6.0
2023040118;2023-04-01;18;100.0;100;100.0;100;100.0;83.33333333333333;7.0
2023040206;2023-04-02;6;100.0;100;100.0;100;100.0;75.0;6.0
2023040212;2023-04-02;12;100.0;100;92.41277503967285;100;72.19532409211456;60.41666666666666;5.0
2023040218;2023-04-02;18;100.0;100;100.0;100;81.66646209260284;60.41666666666666;5.0
2023040306;2023-04-03;6;100.0;100;100.0;100;99.0248986770755;79.16666666666667;6.0
2023040312;2023-04-03;12;100.0;100;97.49209785461426;100;77.27464690705597;62.5;5.0
2023040318;2023-04-03;18;100.0;100;100.0;100;80.3784143020755;66.66666666666667;5.0
2023040406;2023-04-04;6;100.0;100;100.0;100;92.99917235871612;52.083333333333336;4.0
2023040412;2023-04-04;12;100.0;100;94.65676307678223;100;74.43931212922394;79.16666666666667;6.0
2023040418;2023-04-04;18;100.0;100;100.0;100;91.67483153840362;83.33333333333333;7.0
2023040506;2023-04-05;6;100.0;100;100.0;100;89.24037566682159;91.66666666666669;7.0
2023040512;2023-04-05;12;100.0;100;86.43940162658691;100;66.22195067902862;75.0;6.0
2023040518;2023-04-05;18;100.0;100;94.32680702209473;100;74.10935607453644;70.83333333333333;6.0
2023040606;2023-04-06;6;100.0;100;100.0;100;95.1760217239505;77.08333333333333;6.0
2023040612;2023-04-06;12;100.0;100;92.79700660705566;100;72.57955565949737;68.75;6.0
2023040618;2023-04-06;18;100.0;100;100.0;100;85.12539306184112;72.91666666666667;6.0
2023040706;2023-04-07;6;100.0;100;100.0;100;97.66750731965362;39.583333333333336;3.0
2023040712;2023-04-07;12;100.0;100;89.72641181945801;100;69.50896087189972;60.41666666666666;5.0
2023040718;2023-04-07;18;100.0;100;93.54799842834473;100;73.33054748078644;81.25;6.0
2023040806;2023-04-08;6;100.0;100;100.0;100;94.32972350617706;89.58333333333333;7.0
2023040812;2023-04-08;12;100.0;100;95.52798652648926;100;75.31053557893097;83.33333333333333;7.0
2023040818;2023-04-08;18;100.0;100;100.0;100;79.78513732453644;60.41666666666666;5.0
2023040906;2023-04-09;6;100.0;100;100.0;100;96.06638732453644;52.083333333333336;4.0
2023040912;2023-04-09;12;100.0;100;87.19011878967285;100;66.97266784211456;58.333333333333336;5.0
2023040918;2023-04-09;18;100.0;100;93.94380378723145;100;73.72635283967315;56.25;4.0
2023041006;2023-04-10;6;100.0;100;100.0;100;93.88322082063019;50.0;4.0
2023041012;2023-04-10;12;100.0;100;85.56009864807129;100;65.342647700513;43.75;4.0
2023041018;2023-04-10;18;100.0;100;97.3715763092041;100;77.15412536164581;45.833333333333336;4.0
2023041106;2023-04-11;6;100.0;100;100.0;100;100.0;66.66666666666667;5.0
2023041112;2023-04-11;12;100.0;100;100.0;100;82.16568389436065;60.41666666666666;5.0
2023041118;2023-04-11;18;100.0;100;100.0;100;87.16716399689972;56.25;4.0
2023041206;2023-04-12;6;100.0;100;100.0;100;100.0;60.41666666666666;5.0
2023041212;2023-04-12;12;100.0;100;100.0;100;82.23669829865753;50.0;4.0
2023041218;2023-04-12;18;100.0;100;100.0;100;88.07227721711456;60.41666666666666;5.0
2023041306;2023-04-13;6;100.0;100;100.0;100;100.0;60.41666666666666;5.0
2023041312;2023-04-13;12;100.0;100;93.52984809875488;100;73.31239715119659;50.0;4.0
2023041318;2023-04-13;18;100.0;100;99.7434024810791;100;79.52595153352081;54.16666666666666;4.0
2023041406;2023-04-14;6;100.0;100;100.0;100;100.0;56.25;4.0
2023041412;2023-04-14;12;100.0;100;95.09615516662598;100;74.87870421906769;45.833333333333336;4.0
2023041418;2023-04-14;18;100.0;100;96.72625923156738;100;76.50880828400909;31.25;2.0
2023041506;2023-04-15;6;100.0;100;100.0;100;97.33185973664581;37.5;3.0
2023041512;2023-04-15;12;100.0;100;84.55627632141113;100;64.33882537385284;39.583333333333336;3.0
2023041518;2023-04-15;18;100.0;100;96.62737464904785;100;76.40992370148956;52.083333333333336;4.0
2023041606;2023-04-16;6;100.0;100;100.0;100;93.56267943879425;47.91666666666666;4.0
2023041612;2023-04-16;12;100.0;100;83.67703437805176;100;63.459583430493474;47.91666666666666;4.0
2023041618;2023-04-16;18;100.0;100;93.24095344543457;100;73.02350249787628;56.25;4.0
2023041706;2023-04-17;6;100.0;100;100.0;100;90.92141356965362;68.75;6.0
2023041712;2023-04-17;12;100.0;100;100.0;100;79.97614684602081;56.25;4.0
2023041718;2023-04-17;18;100.0;100;100.0;100;83.12429442902862;54.16666666666666;4.0
2023041806;2023-04-18;6;100.0;100;100.0;100;90.90298095246612;50.0;4.0
2023041812;2023-04-18;12;100.0;100;90.82508277893066;100;70.60763183137237;47.91666666666666;4.0
2023041818;2023-04-18;18;100.0;100;95.8200626373291;100;75.60261168977081;37.5;3.0
2023041906;2023-04-19;6;100.0;100;100.0;100;96.65113463898956;39.583333333333336;3.0
2023041912;2023-04-19;12;100.0;100;93.60808753967285;100;73.39063659211456;56.25;4.0
2023041918;2023-04-19;18;100.0;100;100.0;100;80.30103698273956;47.91666666666666;4.0
2023042006;2023-04-20;6;100.0;100;100.0;100;93.46482482453644;56.25;4.0
2023042012;2023-04-20;12;100.0;100;83.55872535705566;100;63.34127440949738;56.25;4.0
2023042018;2023-04-20;18;100.0;100;99.97367286682129;100;79.756221919263;54.16666666666666;4.0
2023042106;2023-04-21;6;100.0;100;100.0;100;90.13418212434112;47.91666666666666;4.0
2023042112;2023-04-21;12;100.0;100;86.8089771270752;100;66.5915261795169;37.5;3.0
2023042118;2023-04-21;18;100.0;100;97.93048286437988;100;77.71303191682159;43.75;4.0
2023042206;2023-04-22;6;100.0;100;100.0;100;90.14869323273956;56.25;4.0
2023042212;2023-04-22;12;100.0;100;94.59935188293457;100;74.38190093537628;50.0;4.0
2023042218;2023-04-22;18;100.0;100;96.00779151916504;100;75.79034057160675;45.833333333333336;4.0
2023042306;2023-04-23;6;100.0;100;100.0;100;91.23841491242706;54.16666666666666;4.0
2023042312;2023-04-23;12;100.0;100;93.0324649810791;100;72.81501403352081;45.833333333333336;4.0
2023042318;2023-04-23;18;100.0;100;86.64155006408691;100;66.42409911652862;50.0;4.0
2023042406;2023-04-24;6;100.0;100;100.0;100;95.06351867219269;58.333333333333336;5.0
2023042412;2023-04-24;12;100.0;100;92.88322639465332;100;72.66577544709503;52.083333333333336;4.0
2023042418;2023-04-24;18;100.0;100;100.0;100;80.973262934888;50.0;4.0
2023042506;2023-04-25;6;100.0;100;100.0;100;96.62643065949737;45.833333333333336;4.0
2023042512;2023-04-25;12;100.0;100;90.03557014465332;100;69.81811919709503;31.25;2.0
2023042518;2023-04-25;18;100.0;100;98.52623176574707;100;78.30878081818878;56.25;4.0
2023042606;2023-04-26;6;100.0;100;100.0;100;92.86086669465362;70.83333333333333;6.0
2023042612;2023-04-26;12;100.0;100;96.4746036529541;100;76.25715270539581;64.58333333333333;5.0
2023042618;2023-04-26;18;100.0;100;100.0;100;79.91772857209503;64.58333333333333;5.0
2023042706;2023-04-27;6;100.0;100;100.0;100;96.3627893020755;58.333333333333336;5.0
2023042712;2023-04-27;12;100.0;100;92.08452796936035;100;71.86707702180206;50.0;4.0
2023042718;2023-04-27;18;100.0;100;97.55693244934082;100;77.33948150178253;50.0;4.0
2023042806;2023-04-28;6;100.0;100;100.0;100;100.0;64.58333333333333;5.0
2023042812;2023-04-28;12;100.0;100;97.21444129943848;100;76.99699035188019;64.58333333333333;5.0
2023042818;2023-04-28;18;100.0;100;100.0;100;83.29434600373565;75.0;6.0
2023042906;2023-04-29;6;100.0;100;100.0;100;91.42060485383331;68.75;6.0
2023042912;2023-04-29;12;100.0;100;100.0;100;79.93159118195831;62.5;5.0
2023042918;2023-04-29;18;100.0;100;97.84517860412598;100;77.62772765656769;60.41666666666666;5.0
2023043006;2023-04-30;6;100.0;100;100.0;100;100.0;60.41666666666666;5.0
2023043012;2023-04-30;12;100.0;100;100.0;100;79.90261474152862;56.25;4.0
2023043018;2023-04-30;18;100.0;100;100.0;100;88.14968505402862;50.0;4.0
2023050106;2023-05-01;6;100.0;100;100.0;100;100.0;47.91666666666666;4.0
2023050112;2023-05-01;12;100.0;100;88.46917152404785;100;68.25172057648956;47.91666666666666;4.0
2023050118;2023-05-01;18;100.0;100;91.93146705627441;100;71.71401610871612;50.0;4.0
2023050206;2023-05-02;6;100.0;100;100.0;100;86.92750945588409;50.0;4.0
2023050212;2023-05-02;12;97.97257232666016;100;80.12753486633301;100;59.910083918774724;41.66666666666666;3.0
2023050218;2023-05-02;18;100.0;100;87.04023170471191;100;66.82278075715362;37.5;3.0
2023050306;2023-05-03;6;100.0;100;100.0;100;98.82888427277862;54.16666666666666;4.0
2023050312;2023-05-03;12;100.0;100;84.19137763977051;100;63.973926692212224;52.083333333333336;4.0
2023050318;2023-05-03;18;100.0;100;97.7581958770752;100;77.5407449295169;58.333333333333336;5.0
2023050406;2023-05-04;6;100.0;100;100.0;100;91.66498961945831;47.91666666666666;4.0
2023050412;2023-05-04;12;89.93765258789062;100;72.09261512756348;100;51.87516418000519;45.833333333333336;4.0
2023050418;2023-05-04;18;100.0;100;84.15811347961426;100;63.940662532055974;31.25;2.0
2023050506;2023-05-05;6;100.0;100;100.0;100;89.3671838333255;39.583333333333336;3.0
2023050512;2023-05-05;12;100.0;100;83.50145149230957;100;63.28400054475129;39.583333333333336;3.0
2023050518;2023-05-05;18;100.0;100;92.20958137512207;100;71.99213042756378;41.66666666666666;3.0
2023050606;2023-05-06;6;100.0;100;100.0;100;99.40595641633331;43.75;4.0
2023050612;2023-05-06;12;100.0;100;86.88807106018066;100;66.67062011262237;41.66666666666666;3.0
2023050618;2023-05-06;18;100.0;100;98.90072822570801;100;78.68327727814972;54.16666666666666;4.0
2023050706;2023-05-07;6;100.0;100;100.0;100;96.09637084504425;60.41666666666666;5.0
2023050712;2023-05-07;12;100.0;100;94.38531684875488;100;74.16786590119659;58.333333333333336;5.0
2023050718;2023-05-07;18;100.0;100;100.0;100;79.8955041458255;66.66666666666667;5.0
2023050806;2023-05-08;6;100.0;100;100.0;100;100.0;68.75;6.0
2023050812;2023-05-08;12;100.0;100;89.16929054260254;100;68.95183959504425;47.91666666666666;4.0
2023050818;2023-05-08;18;100.0;100;100.0;100;84.48566070100128;50.0;4.0
2023050906;2023-05-09;6;100.0;100;100.0;100;92.1435510208255;39.583333333333336;3.0
2023050912;2023-05-09;12;100.0;100;82.19617652893066;100;61.97872558137238;39.583333333333336;3.0
2023050918;2023-05-09;18;100.0;100;85.83175086975098;100;65.61429992219269;50.0;4.0
2023051006;2023-05-10;6;100.0;100;100.0;100;84.32029357453644;52.083333333333336;4.0
2023051012;2023-05-10;12;90.2963638305664;100;72.45132637023926;100;52.233875422680974;56.25;4.0
2023051018;2023-05-10;18;100.0;100;82.42244148254395;100;62.20499053498566;43.75;4.0
2023051106;2023-05-11;6;100.0;100;100.0;100;83.66634765168487;56.25;4.0
2023051112;2023-05-11;12;90.09194946289062;100;72.24691200256348;100;52.02946105500519;47.91666666666666;4.0
2023051118;2023-05-11;18;100.0;100;84.20869636535645;100;63.99124541779816;35.416666666666664;3.0
2023051206;2023-05-12;6;100.0;100;100.0;100;100.0;50.0;4.0
2023051212;2023-05-12;12;100.0;100;86.57927894592285;100;66.36182799836456;60.41666666666666;5.0
2023051218;2023-05-12;18;100.0;100;100.0;100;80.24183288117706;52.083333333333336;4.0
2023051306;2023-05-13;6;100.0;100;100.0;100;90.51314940949737;64.58333333333333;5.0
2023051312;2023-05-13;12;100.0;100;87.32708168029785;100;67.10963073273956;56.25;4.0
2023051318;2023-05-13;18;100.0;100;89.75720405578613;100;69.53975310822784;56.25;4.0
2023051406;2023-05-14;6;100.0;100;100.0;100;87.87935271760284;58.333333333333336;5.0
2023051412;2023-05-14;12;100.0;100;84.71994209289551;100;64.50249114533722;62.5;5.0
2023051418;2023-05-14;18;100.0;100;89.52168464660645;100;69.30423369904815;70.83333333333333;6.0
2023051506;2023-05-15;6;100.0;100;100.0;100;93.26926818391144;66.66666666666667;5.0
2023051512;2023-05-15;12;100.0;100;86.77591896057129;100;66.558468013013;64.58333333333333;5.0
2023051518;2023-05-15;18;100.0;100;100.0;100;81.3383752395755;81.25;6.0
2023051606;2023-05-16;6;100.0;100;100.0;100;100.0;87.5;7.0
2023051612;2023-05-16;12;100.0;100;98.79030799865723;100;78.57285705109894;77.08333333333333;6.0
2023051618;2023-05-16;18;100.0;100;100.0;100;83.27937713166534;75.0;6.0
2023051706;2023-05-17;6;100.0;100;99.92019844055176;100;79.70274749299347;77.08333333333333;6.0
2023051712;2023-05-17;12;100.0;100;83.3502140045166;100;63.13276305695832;75.0;6.0
2023051718;2023-05-17;18;100.0;100;84.61338233947754;100;64.39593139191925;70.83333333333333;6.0
2023051806;2023-05-18;6;100.0;100;100.0;100;97.39768615266144;68.75;6.0
2023051812;2023-05-18;12;100.0;100;87.55573463439941;100;67.33828368684112;72.91666666666667;6.0
2023051818;2023-05-18;18;100.0;100;96.06263160705566;100;75.84518065949737;62.5;5.0
2023051906;2023-05-19;6;100.0;100;100.0;100;89.29068389436065;75.0;6.0
2023051912;2023-05-19;12;100.0;100;83.14884376525879;100;62.931392817700505;70.83333333333333;6.0
2023051918;2023-05-19;18;100.0;100;89.69604682922363;100;69.47859588166534;58.333333333333336;5.0
2023052006;2023-05-20;6;100.0;100;100.0;100;93.60433593293487;58.333333333333336;5.0
2023052012;2023-05-20;12;99.65428924560547;100;81.80925178527832;100;61.59180083772004;66.66666666666667;5.0
2023052018;2023-05-20;18;100.0;100;86.13511085510254;100;65.91765990754425;60.41666666666666;5.0
2023052106;2023-05-21;6;100.0;100;100.0;100;94.86960998078644;50.0;4.0
2023052112;2023-05-21;12;99.0516586303711;100;81.20662117004395;100;60.98917022248566;68.75;6.0
2023052118;2023-05-21;18;100.0;100;84.95200538635254;100;64.73455443879425;45.833333333333336;4.0
2023052206;2023-05-22;6;100.0;100;100.0;100;99.8098107864505;68.75;6.0
2023052212;2023-05-22;12;100.0;100;93.68066596984863;100;73.46321502229034;66.66666666666667;5.0
2023052218;2023-05-22;18;100.0;100;92.42228889465332;100;72.20483794709503;66.66666666666667;5.0
2023052306;2023-05-23;6;100.0;100;100.0;100;87.92158904572784;58.333333333333336;5.0
2023052312;2023-05-23;12;100.0;100;84.22921943664551;100;64.01176848908722;58.333333333333336;5.0
2023052318;2023-05-23;18;100.0;100;96.4870548248291;100;76.26960387727081;62.5;5.0
2023052406;2023-05-24;6;100.0;100;100.0;100;90.97181334992706;64.58333333333333;5.0
2023052412;2023-05-24;12;100.0;100;86.13355445861816;100;65.91610351105987;64.58333333333333;5.0
2023052418;2023-05-24;18;100.0;100;95.21358680725098;100;74.99613585969269;60.41666666666666;5.0
2023052506;2023-05-25;6;100.0;100;100.0;100;88.01170745393097;43.75;4.0
2023052512;2023-05-25;12;100.0;100;88.5862979888916;100;68.36884704133331;47.91666666666666;4.0
2023052518;2023-05-25;18;100.0;100;93.59233283996582;100;73.37488189240753;52.083333333333336;4.0
2023052606;2023-05-26;6;100.0;100;100.0;100;96.30108275910675;79.16666666666667;6.0
2023052612;2023-05-26;12;100.0;100;99.43116188049316;100;79.21371093293487;75.0;6.0
2023052618;2023-05-26;18;100.0;100;100.0;100;87.65691772004425;81.25;6.0
2023052706;2023-05-27;6;100.0;100;100.0;100;94.03077331086456;81.25;6.0
2023052712;2023-05-27;12;100.0;100;95.85058784484863;100;75.63313689729034;77.08333333333333;6.0
2023052718;2023-05-27;18;100.0;100;100.0;100;86.152706294263;85.41666666666667;7.0
2023052806;2023-05-28;6;100.0;100;100.0;100;100.0;68.75;6.0
2023052812;2023-05-28;12;100.0;100;88.46283912658691;100;68.24538817902862;77.08333333333333;6.0
2023052818;2023-05-28;18;100.0;100;100.0;100;89.13008513947784;79.16666666666667;6.0
2023052906;2023-05-29;6;100.0;100;100.0;100;84.41695800324737;64.58333333333333;5.0
2023052912;2023-05-29;12;100.0;100;88.93498420715332;100;68.71753325959503;75.0;6.0
2023052918;2023-05-29;18;100.0;100;100.0;100;83.7771951248294;81.25;6.0
2023053006;2023-05-30;6;100.0;100;100.0;100;100.0;75.0;6.0
2023053012;2023-05-30;12;100.0;100;95.99898719787598;100;75.78153625031769;54.16666666666666;4.0
2023053018;2023-05-30;18;100.0;100;100.0;100;91.42000976105987;50.0;4.0
2023053106;2023-05-31;6;100.0;100;100.0;100;86.55227294465362;39.583333333333336;3.0
2023053112;2023-05-31;12;100.0;100;95.27213478088379;100;75.0546838333255;45.833333333333336;4.0
2023053118;2023-05-31;18;100.0;100;98.7247257232666;100;78.50727477570831;56.25;4.0
2023060106;2023-06-01;6;100.0;100;100.0;100;89.7695275833255;39.583333333333336;3.0
2023060112;2023-06-01;12;93.9830093383789;100;76.13797187805176;100;55.920520930493474;39.583333333333336;3.0
2023060118;2023-06-01;18;100.0;100;85.85032844543457;100;65.63287749787628;35.416666666666664;3.0
2023060206;2023-06-02;6;100.0;100;100.0;100;89.51916900178253;47.91666666666666;4.0
2023060212;2023-06-02;12;99.58847045898438;100;81.74343299865723;100;61.52598205109894;37.5;3.0
2023060218;2023-06-02;18;100.0;100;89.91958808898926;100;69.70213714143097;52.083333333333336;4.0
2023060306;2023-06-03;6;100.0;100;100.0;100;86.51075377961456;41.66666666666666;3.0
2023060312;2023-06-03;12;100.0;100;86.12334632873535;100;65.90589538117706;47.91666666666666;4.0
2023060318;2023-06-03;18;100.0;100;94.27823829650879;100;74.0607873489505;50.0;4.0
2023060406;2023-06-04;6;100.0;100;100.0;100;86.42646422883331;41.66666666666666;3.0
2023060412;2023-06-04;12;100.0;100;88.76642799377441;100;68.54897704621612;56.25;4.0
2023060418;2023-06-04;18;100.0;100;86.74272346496582;100;66.52527251740753;54.16666666666666;4.0
2023060506;2023-06-05;6;100.0;100;100.0;100;89.43988433381378;52.083333333333336;4.0
2023060512;2023-06-05;12;100.0;100;82.91401863098145;100;62.69656768342316;60.41666666666666;5.0
2023060518;2023-06-05;18;100.0;100;92.29378700256348;100;72.07633605500519;60.41666666666666;5.0
2023060606;2023-06-06;6;100.0;100;100.0;100;100.0;47.91666666666666;4.0
2023060612;2023-06-06;12;100.0;100;86.22162818908691;100;66.00417724152862;50.0;4.0
2023060618;2023-06-06;18;100.0;100;94.46940040588379;100;74.2519494583255;62.5;5.0
2023060706;2023-06-07;6;100.0;100;100.0;100;100.0;70.83333333333333;6.0
2023060712;2023-06-07;12;100.0;100;95.23034858703613;100;75.01289763947784;58.333333333333336;5.0
2023060718;2023-06-07;18;100.0;100;100.0;100;79.81554046174347;58.333333333333336;5.0
2023060806;2023-06-08;6;100.0;100;100.0;100;100.0;45.833333333333336;4.0
2023060812;2023-06-08;12;100.0;100;91.73428535461426;100;71.51683440705597;50.0;4.0
2023060818;2023-06-08;18;100.0;100;100.0;100;80.02840819855987;50.0;4.0
2023060906;2023-06-09;6;100.0;100;100.0;100;100.0;64.58333333333333;5.0
2023060912;2023-06-09;12;100.0;100;87.18893623352051;100;66.97148528596222;60.41666666666666;5.0
2023060918;2023-06-09;18;100.0;100;100.0;100;80.44482818147003;54.16666666666666;4.0
2023061006;2023-06-10;6;100.0;100;100.0;100;100.0;68.75;6.0
2023061012;2023-06-10;12;100.0;100;92.5020694732666;100;72.28461852570831;47.91666666666666;4.0
2023061018;2023-06-10;18;100.0;100;96.63440895080566;100;76.41695800324737;43.75;4.0
2023061106;2023-06-11;6;100.0;100;100.0;100;100.0;62.5;5.0
2023061112;2023-06-11;12;100.0;100;88.59469795227051;100;68.37724700471222;58.333333333333336;5.0
2023061118;2023-06-11;18;100.0;100;89.83724403381348;100;69.61979308625519;52.083333333333336;4.0
2023061206;2023-06-12;6;100.0;100;100.0;100;85.65626159211456;50.0;4.0
2023061212;2023-06-12;12;100.0;100;82.17081642150879;100;61.953365473950505;60.41666666666666;5.0
2023061218;2023-06-12;18;100.0;100;93.73452949523926;100;73.51707854768097;50.0;4.0
2023061306;2023-06-13;6;100.0;100;100.0;100;81.22382751008331;72.91666666666667;6.0
2023061312;2023-06-13;12;98.7874755859375;100;80.94243812561035;100;60.72498717805207;68.75;6.0
2023061318;2023-06-13;18;100.0;100;92.15262794494629;100;71.935176997388;58.333333333333336;5.0
2023061406;2023-06-14;6;100.0;100;100.0;100;84.35358825227081;72.91666666666667;6.0
2023061412;2023-06-14;12;96.03041076660156;100;78.18537330627441;100;57.96792235871613;79.16666666666667;6.0
2023061418;2023-06-14;18;100.0;100;87.0572681427002;100;66.8398171951419;58.333333333333336;5.0
2023061506;2023-06-15;6;100.0;100;100.0;100;89.15122619172394;75.0;6.0
2023061512;2023-06-15;12;100.0;100;88.84967231750488;100;68.63222136994659;75.0;6.0
2023061518;2023-06-15;18;100.0;100;97.3245792388916;100;77.10712829133331;64.58333333333333;5.0
2023061606;2023-06-16;6;100.0;100;100.0;100;93.98830810090362;77.08333333333333;6.0
2023061612;2023-06-16;12;100.0;100;86.35049629211426;100;66.13304534455597;77.08333333333333;6.0
2023061618;2023-06-16;18;100.0;100;93.75428199768066;100;73.53683105012237;66.66666666666667;5.0
2023061706;2023-06-17;6;100.0;100;100.0;100;90.52094665070831;68.75;6.0
2023061712;2023-06-17;12;99.15745544433594;100;81.31241798400879;100;61.094967036450505;54.16666666666666;4.0
2023061718;2023-06-17;18;100.0;100;94.8922061920166;100;74.67475524445831;52.083333333333336;4.0
2023061806;2023-06-18;6;100.0;100;100.0;100;96.07925048371612;70.83333333333333;6.0
2023061812;2023-06-18;12;100.0;100;83.43847846984863;100;63.22102752229035;75.0;6.0
2023061818;2023-06-18;18;100.0;100;90.97161293029785;100;70.75416198273956;75.0;6.0
2023061906;2023-06-19;6;100.0;100;100.0;100;95.98243346711456;87.5;7.0
2023061912;2023-06-19;12;100.0;100;96.48397254943848;100;76.26652160188019;79.16666666666667;6.0
2023061918;2023-06-19;18;100.0;100;92.89417457580566;100;72.67672362824737;68.75;6.0
2023062006;2023-06-20;6;100.0;100;100.0;100;88.35339751740753;60.41666666666666;5.0
2023062012;2023-06-20;12;100.0;100;89.77957344055176;100;69.56212249299347;77.08333333333333;6.0
2023062018;2023-06-20;18;100.0;100;94.40092658996582;100;74.18347564240753;66.66666666666667;5.0
2023062106;2023-06-21;6;100.0;100;100.0;100;80.68842711945831;60.41666666666666;5.0
2023062112;2023-06-21;12;97.77072143554688;100;79.92568397521973;100;59.70823302766144;66.66666666666667;5.0
2023062118;2023-06-21;18;100.0;100;88.90207099914551;100;68.68462005158722;77.08333333333333;6.0
2023062206;2023-06-22;6;100.0;100;100.0;100;93.59544005891144;64.58333333333333;5.0
2023062212;2023-06-22;12;100.0;100;87.31045722961426;100;67.09300628205597;70.83333333333333;6.0
2023062218;2023-06-22;18;100.0;100;91.74458503723145;100;71.52713408967315;70.83333333333333;6.0
2023062306;2023-06-23;6;100.0;100;100.0;100;91.27100768586456;58.333333333333336;5.0
2023062312;2023-06-23;12;100.0;100;88.01327705383301;100;67.79582610627472;62.5;5.0
2023062318;2023-06-23;18;100.0;100;84.02282905578613;100;63.80537810822785;52.083333333333336;4.0
2023062406;2023-06-24;6;100.0;100;100.0;100;90.48533263703644;56.25;4.0
2023062412;2023-06-24;12;99.50873565673828;100;81.66369819641113;100;61.44624724885285;47.91666666666666;4.0
2023062418;2023-06-24;18;100.0;100;92.33521461486816;100;72.11776366730987;56.25;4.0
2023062506;2023-06-25;6;100.0;100;100.0;100;99.73313537141144;70.83333333333333;6.0
2023062512;2023-06-25;12;100.0;100;95.75174140930176;100;75.53429046174347;66.66666666666667;5.0
2023062518;2023-06-25;18;100.0;100;100.0;100;97.51174560090362;85.41666666666667;7.0
2023062606;2023-06-26;6;100.0;100;100.0;100;100.0;75.0;6.0
2023062612;2023-06-26;12;100.0;100;95.58832740783691;100;75.37087646027862;77.08333333333333;6.0
2023062618;2023-06-26;18;100.0;100;100.0;100;81.80894103547394;62.5;5.0
2023062706;2023-06-27;6;100.0;100;100.0;100;100.0;72.91666666666667;6.0
2023062712;2023-06-27;12;100.0;100;92.18842506408691;100;71.97097411652862;52.083333333333336;4.0
2023062718;2023-06-27;18;100.0;100;100.0;100;83.70856872102081;62.5;5.0
2023062806;2023-06-28;6;100.0;100;100.0;100;90.23954406281769;62.5;5.0
2023062812;2023-06-28;12;100.0;100;89.10337257385254;100;68.88592162629425;64.58333333333333;5.0
2023062818;2023-06-28;18;100.0;100;95.94066047668457;100;75.72320952912628;39.583333333333336;3.0
2023062906;2023-06-29;6;100.0;100;100.0;100;93.84682860871612;54.16666666666666;4.0
2023062912;2023-06-29;12;100.0;100;93.74373817443848;100;73.52628722688019;77.08333333333333;6.0
2023062918;2023-06-29;18;100.0;100;100.0;100;82.30896392365753;68.75;6.0
2023063006;2023-06-30;6;100.0;100;100.0;100;93.47938170930206;75.0;6.0
2023063012;2023-06-30;12;100.0;100;87.54583930969238;100;67.32838836213409;64.58333333333333;5.0
2023063018;2023-06-30;18;100.0;100;94.76810646057129;100;74.550655513013;50.0;4.0
2023070106;2023-07-01;6;100.0;100;100.0;100;100.0;53.57142857142857;4.0
2023070112;2023-07-01;12;100.0;100;92.65752601623535;100;72.44007506867706;64.28571428571429;5.0
2023070118;2023-07-01;18;100.0;100;100.0;100;86.134639888013;55.35714285714285;4.0
2023070206;2023-07-02;6;100.0;100;100.0;100;100.0;57.142857142857146;5.0
2023070212;2023-07-02;12;100.0;100;83.53620338439941;100;63.31875243684113;51.785714285714285;4.0
2023070218;2023-07-02;18;100.0;100;95.42444801330566;100;75.20699706574737;44.642857142857146;4.0
2023070306;2023-07-03;6;100.0;100;100.0;100;100.0;46.42857142857143;4.0
2023070312;2023-07-03;12;100.0;100;86.94085884094238;100;66.72340789338409;62.5;5.0
2023070318;2023-07-03;18;100.0;100;100.0;100;84.895870356763;75.0;6.0
2023070406;2023-07-04;6;100.0;100;100.0;100;100.0;64.28571428571429;5.0
2023070412;2023-07-04;12;100.0;100;85.89908790588379;100;65.6816369583255;62.5;5.0
2023070418;2023-07-04;18;100.0;100;94.45137214660645;100;74.23392119904815;60.71428571428572;5.0
2023070506;2023-07-05;6;100.0;100;100.0;100;90.75555053254425;80.35714285714286;6.0
2023070512;2023-07-05;12;99.2213134765625;100;81.37627601623535;100;61.15882506867707;76.78571428571429;6.0
2023070518;2023-07-05;18;100.0;100;91.65597724914551;100;71.43852630158722;67.85714285714286;5.0
2023070606;2023-07-06;6;100.0;100;100.0;100;100.0;73.21428571428571;6.0
2023070612;2023-07-06;12;100.0;100;89.09414100646973;100;68.87669005891144;60.71428571428572;5.0
2023070618;2023-07-06;18;100.0;100;98.25399971008301;100;78.03654876252472;67.85714285714286;5.0
2023070706;2023-07-07;6;100.0;100;100.0;100;100.0;57.142857142857146;5.0
2023070712;2023-07-07;12;100.0;100;86.94573402404785;100;66.72828307648956;66.07142857142857;5.0
2023070718;2023-07-07;18;100.0;100;99.65511512756348;100;79.43766418000519;76.78571428571429;6.0
2023070806;2023-07-08;6;100.0;100;100.0;100;99.40145507355987;80.35714285714286;6.0
2023070812;2023-07-08;12;100.0;100;88.46624183654785;100;68.24879088898956;64.28571428571429;5.0
2023070818;2023-07-08;18;100.0;100;88.90291786193848;100;68.68546691438019;51.785714285714285;4.0
2023070906;2023-07-09;6;100.0;100;100.0;100;99.03037658234894;62.5;5.0
2023070912;2023-07-09;12;100.0;100;91.40867042541504;100;71.19121947785675;62.5;5.0
2023070918;2023-07-09;18;100.0;100;94.62753486633301;100;74.41008391877472;55.35714285714285;4.0
2023071006;2023-07-10;6;100.0;100;100.0;100;96.60572448273956;46.42857142857143;4.0
2023071012;2023-07-10;12;99.01396179199219;100;81.16892433166504;100;60.951473384106755;62.5;5.0
2023071018;2023-07-10;18;100.0;100;87.74579811096191;100;67.52834716340362;60.71428571428572;5.0
2023071106;2023-07-11;6;100.0;100;100.0;100;100.0;85.71428571428571;7.0
2023071112;2023-07-11;12;100.0;100;93.59736061096191;100;73.37990966340362;67.85714285714286;5.0
2023071118;2023-07-11;18;100.0;100;94.03658485412598;100;73.81913390656769;48.21428571428572;4.0
2023071206;2023-07-12;6;100.0;100;100.0;100;100.0;55.35714285714285;4.0
2023071212;2023-07-12;12;100.0;100;86.40778541564941;100;66.19033446809112;53.57142857142857;4.0
2023071218;2023-07-12;18;100.0;100;100.0;100;83.61574187775909;64.28571428571429;5.0
2023071306;2023-07-13;6;100.0;100;100.0;100;100.0;73.21428571428571;6.0
2023071312;2023-07-13;12;100.0;100;97.13508796691895;100;76.91763701936065;82.14285714285714;7.0
2023071318;2023-07-13;18;100.0;100;100.0;100;87.71746459504425;80.35714285714286;6.0
2023071406;2023-07-14;6;100.0;100;100.0;100;99.96046081086456;64.28571428571429;5.0
2023071412;2023-07-14;12;100.0;100;82.81709480285645;100;62.59964385529816;66.07142857142857;5.0
2023071418;2023-07-14;18;100.0;100;95.29466438293457;100;75.07721343537628;64.28571428571429;5.0
2023071506;2023-07-15;6;100.0;100;100.0;100;100.0;60.71428571428572;5.0
2023071512;2023-07-15;12;100.0;100;83.13504219055176;100;62.917591242993474;58.92857142857143;5.0
2023071518;2023-07-15;18;100.0;100;94.28756904602051;100;74.07011809846222;53.57142857142857;4.0
2023071606;2023-07-16;6;100.0;100;100.0;100;89.66315856477081;46.42857142857143;4.0
2023071612;2023-07-16;12;97.07498931884766;100;79.22995185852051;100;59.012500910962224;44.642857142857146;4.0
2023071618;2023-07-16;18;100.0;100;94.09704780578613;100;73.87959685822784;44.642857142857146;4.0
2023071706;2023-07-17;6;100.0;100;100.0;100;99.68162169953644;62.5;5.0
2023071712;2023-07-17;12;100.0;100;86.53512763977051;100;66.31767669221222;71.42857142857143;6.0
2023071718;2023-07-17;18;100.0;100;99.98957252502441;100;79.77212157746612;67.85714285714286;5.0
2023071806;2023-07-18;6;100.0;100;100.0;100;98.16419616242706;64.28571428571429;5.0
2023071812;2023-07-18;12;100.0;100;86.95639228820801;100;66.73894134064972;64.28571428571429;5.0
2023071818;2023-07-18;18;100.0;100;98.39444160461426;100;78.17699065705597;60.71428571428572;5.0
2023071906;2023-07-19;6;100.0;100;100.0;100;92.68084350129425;67.85714285714286;5.0
2023071912;2023-07-19;12;97.43205261230469;100;79.58701515197754;100;59.369564204419255;55.35714285714285;4.0
2023071918;2023-07-19;18;100.0;100;94.10586738586426;100;73.88841643830597;50.0;4.0
2023072006;2023-07-20;6;100.0;100;100.0;100;98.88576903840362;51.785714285714285;4.0
2023072012;2023-07-20;12;100.0;100;83.86166572570801;100;63.644214778149724;66.07142857142857;5.0
2023072018;2023-07-20;18;100.0;100;100.0;100;80.54407134553253;69.64285714285714;6.0
2023072106;2023-07-21;6;100.0;100;100.0;100;93.43947997590362;69.64285714285714;6.0
2023072112;2023-07-21;12;100.0;100;83.72498512268066;100;63.50753417512238;67.85714285714286;5.0
2023072118;2023-07-21;18;100.0;100;95.57296180725098;100;75.35551085969269;73.21428571428571;6.0
2023072206;2023-07-22;6;100.0;100;100.0;100;100.0;83.92857142857143;7.0
2023072212;2023-07-22;12;100.0;100;90.33597755432129;100;70.118526606763;78.57142857142857;6.0
2023072218;2023-07-22;18;100.0;100;96.90647315979004;100;76.68902221223175;76.78571428571429;6.0
2023072306;2023-07-23;6;100.0;100;100.0;100;100.0;67.85714285714286;5.0
2023072312;2023-07-23;12;100.0;100;90.99038124084473;100;70.77293029328644;76.78571428571429;6.0
2023072318;2023-07-23;18;100.0;100;100.0;100;87.56970611115753;71.42857142857143;6.0
2023072406;2023-07-24;6;100.0;100;100.0;100;100.0;67.85714285714286;5.0
2023072412;2023-07-24;12;100.0;100;87.55279731750488;100;67.33534636994659;66.07142857142857;5.0
2023072418;2023-07-24;18;100.0;100;98.13951301574707;100;77.92206206818878;60.71428571428572;5.0
2023072506;2023-07-25;6;100.0;100;100.0;100;100.0;71.42857142857143;6.0
2023072512;2023-07-25;12;100.0;100;85.24324989318848;100;65.02579894563019;67.85714285714286;5.0
2023072518;2023-07-25;18;100.0;100;91.42669868469238;100;71.20924773713409;51.785714285714285;4.0
2023072606;2023-07-26;6;100.0;100;100.0;100;99.71245971223175;58.92857142857143;5.0
2023072612;2023-07-26;12;100.0;100;85.9924259185791;100;65.77497497102081;57.142857142857146;5.0
2023072618;2023-07-26;18;100.0;100;100.0;100;83.83775725861847;55.35714285714285;4.0
2023072706;2023-07-27;6;100.0;100;100.0;100;100.0;53.57142857142857;4.0
2023072712;2023-07-27;12;100.0;100;86.94732856750488;100;66.72987761994659;51.785714285714285;4.0
2023072718;2023-07-27;18;100.0;100;100.0;100;92.57450500031769;67.85714285714286;5.0
2023072806;2023-07-28;6;100.0;100;100.0;100;100.0;75.0;6.0
2023072812;2023-07-28;12;100.0;100;87.53553199768066;100;67.31808105012237;64.28571428571429;5.0
2023072818;2023-07-28;18;100.0;100;95.8824634552002;100;75.6650125076419;55.35714285714285;4.0
2023072906;2023-07-29;6;100.0;100;100.0;100;95.27944579621612;62.5;5.0
2023072912;2023-07-29;12;100.0;100;84.61177253723145;100;64.39432158967315;67.85714285714286;5.0
2023072918;2023-07-29;18;100.0;100;96.44272804260254;100;76.22527709504425;62.5;5.0
2023073006;2023-07-30;6;100.0;100;100.0;100;100.0;92.85714285714286;7.0
2023073012;2023-07-30;12;100.0;100;86.64236640930176;100;66.42491546174347;83.92857142857143;7.0
2023073018;2023-07-30;18;100.0;100;100.0;100;82.54568877717315;73.21428571428571;6.0
2023073106;2023-07-31;6;100.0;100;100.0;100;91.29932799836456;58.92857142857143;5.0
2023073112;2023-07-31;12;100.0;100;85.3844165802002;100;65.1669656326419;66.07142857142857;5.0
2023073118;2023-07-31;18;100.0;100;100.0;100;79.91167846223175;62.5;5.0
2023080106;2023-08-01;6;100.0;100;100.0;100;96.684444575513;73.21428571428571;6.0
2023080112;2023-08-01;12;100.0;100;85.50273323059082;100;65.28528228303253;82.14285714285714;7.0
2023080118;2023-08-01;18;100.0;100;100.0;100;81.28351989289581;75.0;6.0
2023080206;2023-08-02;6;100.0;100;100.0;100;100.0;76.78571428571429;6.0
2023080212;2023-08-02;12;100.0;100;86.85666084289551;100;66.63920989533722;69.64285714285714;6.0
2023080218;2023-08-02;18;100.0;100;95.19016456604004;100;74.97271361848175;66.07142857142857;5.0
2023080306;2023-08-03;6;100.0;100;100.0;100;100.0;53.57142857142857;4.0
2023080312;2023-08-03;12;100.0;100;84.59929084777832;100;64.38183990022003;67.85714285714286;5.0
2023080318;2023-08-03;18;100.0;100;100.0;100;80.80668273469269;66.07142857142857;5.0
2023080406;2023-08-04;6;100.0;100;100.0;100;100.0;60.71428571428572;5.0
2023080412;2023-08-04;12;100.0;100;84.7662296295166;100;64.54877868195831;64.28571428571429;5.0
2023080418;2023-08-04;18;100.0;100;95.60703468322754;100;75.38958373566925;51.785714285714285;4.0
2023080506;2023-08-05;6;100.0;100;100.0;100;100.0;60.71428571428572;5.0
2023080512;2023-08-05;12;100.0;100;92.29629707336426;100;72.07884612580597;73.21428571428571;6.0
2023080518;2023-08-05;18;100.0;100;93.83244514465332;100;73.61499419709503;48.21428571428572;4.0
2023080606;2023-08-06;6;100.0;100;100.0;100;100.0;53.57142857142857;4.0
2023080612;2023-08-06;12;100.0;100;87.63689613342285;100;67.41944518586456;57.142857142857146;5.0
2023080618;2023-08-06;18;100.0;100;96.50428199768066;100;76.28683105012237;57.142857142857146;5.0
2023080706;2023-08-07;6;100.0;100;100.0;100;100.0;50.0;4.0
2023080712;2023-08-07;12;99.47772216796875;100;81.6326847076416;100;61.41523376008332;62.5;5.0
2023080718;2023-08-07;18;100.0;100;100.0;100;80.26710143586456;64.28571428571429;5.0
2023080806;2023-08-08;6;100.0;100;100.0;100;100.0;71.42857142857143;6.0
2023080812;2023-08-08;12;100.0;100;82.93086433410645;100;62.71341338654816;78.57142857142857;6.0
2023080818;2023-08-08;18;100.0;100;93.49306678771973;100;73.27561584016144;67.85714285714286;5.0
2023080906;2023-08-09;6;100.0;100;100.0;100;94.74309936066925;82.14285714285714;7.0
2023080912;2023-08-09;12;95.22345733642578;100;77.37841987609863;100;57.16096892854035;71.42857142857143;6.0
2023080918;2023-08-09;18;100.0;100;100.0;100;86.96344390412628;62.5;5.0
2023081006;2023-08-10;6;100.0;100;100.0;100;100.0;71.42857142857143;6.0
2023081012;2023-08-10;12;100.0;100;84.82895851135254;100;64.61150756379425;85.71428571428571;7.0
2023081018;2023-08-10;18;100.0;100;100.0;100;81.74469390412628;89.28571428571429;7.0
2023081106;2023-08-11;6;100.0;100;100.0;100;100.0;96.42857142857144;8.0
2023081112;2023-08-11;12;100.0;100;94.29038429260254;100;74.07293334504425;85.71428571428571;7.0
2023081118;2023-08-11;18;100.0;100;100.0;100;81.04694762727081;83.92857142857143;7.0
2023081206;2023-08-12;6;100.0;100;100.0;100;100.0;91.07142857142856;7.0
2023081212;2023-08-12;12;100.0;100;99.05288887023926;100;78.83543792268097;85.71428571428571;7.0
2023081218;2023-08-12;18;100.0;100;100.0;100;89.02444854279815;73.21428571428571;6.0
2023081306;2023-08-13;6;100.0;100;100.0;100;100.0;73.21428571428571;6.0
2023081312;2023-08-13;12;100.0;100;93.67582130432129;100;73.458370356763;69.64285714285714;6.0
2023081318;2023-08-13;18;100.0;100;100.0;100;84.30632415314972;73.21428571428571;6.0
2023081406;2023-08-14;6;100.0;100;100.0;100;100.0;91.07142857142856;7.0
2023081412;2023-08-14;12;100.0;100;88.84599494934082;100;68.62854400178253;82.14285714285714;7.0
2023081418;2023-08-14;18;100.0;100;100.0;100;84.01393523713409;89.28571428571429;7.0
2023081506;2023-08-15;6;100.0;100;100.0;100;98.96181884309112;78.57142857142857;6.0
2023081512;2023-08-15;12;100.0;100;89.33854103088379;100;69.1210900833255;66.07142857142857;5.0
2023081518;2023-08-15;18;100.0;100;98.6638355255127;100;78.4463845779544;60.71428571428572;5.0
2023081606;2023-08-16;6;100.0;100;100.0;100;100.0;62.5;5.0
2023081612;2023-08-16;12;100.0;100;85.25059700012207;100;65.03314605256378;80.35714285714286;6.0
2023081618;2023-08-16;18;100.0;100;99.70840644836426;100;79.49095550080597;71.42857142857143;6.0
2023081706;2023-08-17;6;100.0;100;100.0;100;100.0;62.5;5.0
2023081712;2023-08-17;12;100.0;100;88.88003730773926;100;68.66258636018097;73.21428571428571;6.0
2023081718;2023-08-17;18;100.0;100;100.0;100;83.92310729523956;64.28571428571429;5.0
2023081806;2023-08-18;6;100.0;100;100.0;100;100.0;58.92857142857143;5.0
2023081812;2023-08-18;12;100.0;100;86.87397193908691;100;66.65652099152862;64.28571428571429;5.0
2023081818;2023-08-18;18;100.0;100;100.0;100;89.56583037873565;66.07142857142857;5.0
2023081906;2023-08-19;6;100.0;100;100.0;100;100.0;55.35714285714285;4.0
2023081912;2023-08-19;12;100.0;100;87.14028358459473;100;66.92283263703644;58.92857142857143;5.0
2023081918;2023-08-19;18;100.0;100;100.0;100;84.26070800324737;55.35714285714285;4.0
2023082006;2023-08-20;6;100.0;100;100.0;100;100.0;62.5;5.0
2023082012;2023-08-20;12;100.0;100;87.26631355285645;100;67.04886260529815;64.28571428571429;5.0
2023082018;2023-08-20;18;100.0;100;100.0;100;84.62887206574737;71.42857142857143;6.0
2023082106;2023-08-21;6;100.0;100;100.0;100;100.0;82.14285714285714;7.0
2023082112;2023-08-21;12;100.0;100;91.79392433166504;100;71.57647338410675;75.0;6.0
2023082118;2023-08-21;18;100.0;100;100.0;100;87.3193093826419;75.0;6.0
2023082206;2023-08-22;6;100.0;100;100.0;100;100.0;66.07142857142857;5.0
2023082212;2023-08-22;12;100.0;100;91.57098579406738;100;71.35353484650909;62.5;5.0
2023082218;2023-08-22;18;100.0;100;100.0;100;82.03013244172394;67.85714285714286;5.0
2023082306;2023-08-23;6;100.0;100;100.0;100;100.0;83.92857142857143;7.0
2023082312;2023-08-23;12;100.0;100;97.73081398010254;100;77.51336303254425;78.57142857142857;6.0
2023082318;2023-08-23;18;100.0;100;100.0;100;83.28849425813019;62.5;5.0
2023082406;2023-08-24;6;100.0;100;100.0;100;97.06345763703644;67.85714285714286;5.0
2023082412;2023-08-24;12;100.0;100;84.64364051818848;100;64.42618957063019;66.07142857142857;5.0
2023082418;2023-08-24;18;100.0;100;100.0;100;80.39090362092315;66.07142857142857;5.0
2023082506;2023-08-25;6;100.0;100;100.0;100;100.0;92.85714285714286;7.0
2023082512;2023-08-25;12;100.0;100;100.0;100;83.98247161408722;85.71428571428571;7.0
2023082518;2023-08-25;18;100.0;100;100.0;100;80.63664641877472;73.21428571428571;6.0
2023082606;2023-08-26;6;100.0;100;100.0;100;100.0;82.14285714285714;7.0
2023082612;2023-08-26;12;100.0;100;88.85618019104004;100;68.63872924348175;71.42857142857143;6.0
2023082618;2023-08-26;18;100.0;100;100.0;100;81.41247954865753;78.57142857142857;6.0
2023082706;2023-08-27;6;100.0;100;100.0;100;100.0;75.0;6.0
2023082712;2023-08-27;12;100.0;100;94.66972541809082;100;74.45227447053253;78.57142857142857;6.0
2023082718;2023-08-27;18;100.0;100;100.0;100;81.94054046174347;78.57142857142857;6.0
2023082806;2023-08-28;6;100.0;100;100.0;100;90.91741576691925;69.64285714285714;6.0
2023082812;2023-08-28;12;100.0;100;84.66311836242676;100;64.44566741486847;71.42857142857143;6.0
2023082818;2023-08-28;18;100.0;100;100.0;100;80.00259795686065;75.0;6.0
2023082906;2023-08-29;6;100.0;100;100.0;100;93.13262572785675;82.14285714285714;7.0
2023082912;2023-08-29;12;100.0;100;84.09542274475098;100;63.87797179719269;69.64285714285714;6.0
2023082918;2023-08-29;18;100.0;100;100.0;100;82.09431853791534;76.78571428571429;6.0
2023083006;2023-08-30;6;100.0;100;100.0;100;94.08456054230987;60.71428571428572;5.0
2023083012;2023-08-30;12;100.0;100;84.89765357971191;100;64.68020263215362;66.07142857142857;5.0
2023083018;2023-08-30;18;100.0;100;95.57109260559082;100;75.35364165803253;58.92857142857143;5.0
2023083106;2023-08-31;6;100.0;100;100.0;100;93.354854731763;51.785714285714285;4.0
2023083112;2023-08-31;12;100.0;100;86.77006721496582;100;66.55261626740753;69.64285714285714;6.0
2023083118;2023-08-31;18;100.0;100;100.0;100;87.88637176057159;73.21428571428571;6.0
2023090106;2023-09-01;6;100.0;100;100.0;100;98.0473596145755;55.35714285714285;4.0
2023090112;2023-09-01;12;100.0;100;86.0966968536377;100;65.8792459060794;71.42857142857143;6.0
2023090118;2023-09-01;18;100.0;100;96.98410224914551;100;76.76665130158722;78.57142857142857;6.0
2023090206;2023-09-02;6;100.0;100;100.0;100;100.0;78.57142857142857;6.0
2023090212;2023-09-02;12;100.0;100;83.46845436096191;100;63.25100341340363;71.42857142857143;6.0
2023090218;2023-09-02;18;100.0;100;100.0;100;86.31533446809112;83.92857142857143;7.0
2023090306;2023-09-03;6;100.0;100;100.0;100;100.0;66.07142857142857;5.0
2023090312;2023-09-03;12;100.0;100;91.24360084533691;100;71.02614989777862;64.28571428571429;5.0
2023090318;2023-09-03;18;100.0;100;100.0;100;80.5996057083255;69.64285714285714;6.0
2023090406;2023-09-04;6;100.0;100;100.0;100;100.0;51.785714285714285;4.0
2023090412;2023-09-04;12;100.0;100;82.75359535217285;100;62.53614440461457;60.71428571428572;5.0
2023090418;2023-09-04;18;100.0;100;99.99402809143066;100;79.77657714387237;62.5;5.0
2023090506;2023-09-05;6;100.0;100;100.0;100;100.0;60.71428571428572;5.0
2023090512;2023-09-05;12;100.0;100;82.85846138000488;100;62.6410104324466;57.142857142857146;5.0
2023090518;2023-09-05;18;100.0;100;99.0363712310791;100;78.81892028352081;58.92857142857143;5.0
2023090606;2023-09-06;6;100.0;100;100.0;100;100.0;53.57142857142857;4.0
2023090612;2023-09-06;12;100.0;100;90.05106544494629;100;69.833614497388;60.71428571428572;5.0
2023090618;2023-09-06;18;100.0;100;100.0;100;87.80231109162628;66.07142857142857;5.0
2023090706;2023-09-07;6;100.0;100;100.0;100;100.0;71.42857142857143;6.0
2023090712;2023-09-07;12;100.0;100;87.51347541809082;100;67.29602447053253;73.21428571428571;6.0
2023090718;2023-09-07;18;100.0;100;100.0;100;84.05733886262237;76.78571428571429;6.0
2023090806;2023-09-08;6;100.0;100;100.0;100;96.24859252473175;66.07142857142857;5.0
2023090812;2023-09-08;12;100.0;100;87.59417915344238;100;67.37672820588409;69.64285714285714;6.0
2023090818;2023-09-08;18;100.0;100;95.59187507629395;100;75.37442412873565;69.64285714285714;6.0
2023090906;2023-09-09;6;100.0;100;100.0;100;100.0;76.78571428571429;6.0
2023090912;2023-09-09;12;100.0;100;90.26999855041504;100;70.05254760285675;80.35714285714286;6.0
2023090918;2023-09-09;18;100.0;100;100.0;100;90.77976623078644;69.64285714285714;6.0
2023091006;2023-09-10;6;100.0;100;100.0;100;100.0;78.57142857142857;6.0
2023091012;2023-09-10;12;100.0;100;88.98276710510254;100;68.76531615754425;60.71428571428572;5.0
2023091018;2023-09-10;18;100.0;100;100.0;100;91.19111266633331;58.92857142857143;5.0
2023091106;2023-09-11;6;100.0;100;100.0;100;100.0;62.5;5.0
2023091112;2023-09-11;12;100.0;100;90.82238960266113;100;70.60493865510284;64.28571428571429;5.0
2023091118;2023-09-11;18;100.0;100;100.0;100;83.10927978059112;71.42857142857143;6.0
2023091206;2023-09-12;6;100.0;100;100.0;100;100.0;53.57142857142857;4.0
2023091212;2023-09-12;12;100.0;100;91.43271064758301;100;71.21525970002472;75.0;6.0
2023091218;2023-09-12;18;100.0;100;98.00504493713379;100;77.7875939895755;66.07142857142857;5.0
2023091306;2023-09-13;6;100.0;100;100.0;100;94.88381591340362;44.642857142857146;4.0
2023091312;2023-09-13;12;96.90526580810547;100;79.06022834777832;100;58.84277740022004;57.142857142857146;5.0
2023091318;2023-09-13;18;100.0;100;99.54734992980957;100;79.32989898225128;46.42857142857143;4.0
2023091406;2023-09-14;6;100.0;100;100.0;100;100.0;69.64285714285714;6.0
2023091412;2023-09-14;12;100.0;100;98.76689338684082;100;78.54944243928253;69.64285714285714;6.0
2023091418;2023-09-14;18;100.0;100;100.0;100;95.294551997388;71.42857142857143;6.0
2023091506;2023-09-15;6;100.0;100;100.0;100;100.0;50.0;4.0
2023091512;2023-09-15;12;100.0;100;88.96284675598145;100;68.74539580842315;58.92857142857143;5.0
2023091518;2023-09-15;18;100.0;100;100.0;100;83.57622161408722;67.85714285714286;5.0
2023091606;2023-09-16;6;100.0;100;100.0;100;98.20502868195831;69.64285714285714;6.0
2023091612;2023-09-16;12;100.0;100;84.93197822570801;100;64.71452727814972;58.92857142857143;5.0
2023091618;2023-09-16;18;100.0;100;98.29516792297363;100;78.07771697541534;57.142857142857146;5.0
2023091706;2023-09-17;6;100.0;100;100.0;100;96.70997252961456;58.92857142857143;5.0
2023091712;2023-09-17;12;100.0;100;83.8454761505127;100;63.62802520295441;69.64285714285714;6.0
2023091718;2023-09-17;18;100.0;100;100.0;100;82.3637429763919;76.78571428571429;6.0
2023091806;2023-09-18;6;100.0;100;100.0;100;90.57644286652862;66.07142857142857;5.0
2023091812;2023-09-18;12;100.0;100;86.25103950500488;100;66.03358855744659;75.0;6.0
2023091818;2023-09-18;18;100.0;100;98.59306526184082;100;78.37561431428253;73.21428571428571;6.0
2023091906;2023-09-19;6;100.0;100;100.0;100;100.0;67.85714285714286;5.0
2023091912;2023-09-19;12;100.0;100;91.73201942443848;100;71.51456847688019;80.35714285714286;6.0
2023091918;2023-09-19;18;100.0;100;100.0;100;90.53084960480987;76.78571428571429;6.0
2023092006;2023-09-20;6;100.0;100;100.0;100;100.0;73.21428571428571;6.0
2023092012;2023-09-20;12;100.0;100;88.89923286437988;100;68.68178191682159;82.14285714285714;7.0
2023092018;2023-09-20;18;100.0;100;100.0;100;90.45208373566925;71.42857142857143;6.0
2023092106;2023-09-21;6;100.0;100;100.0;100;96.42496886750519;71.42857142857143;6.0
2023092112;2023-09-21;12;100.0;100;84.58511543273926;100;64.36766448518097;66.07142857142857;5.0
2023092118;2023-09-21;18;100.0;100;100.0;100;81.96968474885284;60.71428571428572;5.0
2023092206;2023-09-22;6;100.0;100;100.0;100;98.28876891633331;50.0;4.0
2023092212;2023-09-22;12;100.0;100;90.73504829406738;100;70.51759734650909;53.57142857142857;4.0
2023092218;2023-09-22;18;100.0;100;100.0;100;84.09668365022003;50.0;4.0
2023092306;2023-09-23;6;100.0;100;100.0;100;88.88982787629425;53.57142857142857;4.0
2023092312;2023-09-23;12;100.0;100;90.60246467590332;100;70.38501372834503;60.71428571428572;5.0
2023092318;2023-09-23;18;100.0;100;100.0;100;88.05374541779815;60.71428571428572;5.0
2023092406;2023-09-24;6;100.0;100;100.0;100;96.9997521927005;69.64285714285714;6.0
2023092412;2023-09-24;12;100.0;100;84.95395088195801;100;64.73649993439972;62.5;5.0
2023092418;2023-09-24;18;100.0;100;100.0;100;91.2360803177005;69.64285714285714;6.0
2023092506;2023-09-25;6;100.0;100;100.0;100;97.37191405793487;62.5;5.0
2023092512;2023-09-25;12;100.0;100;85.6264591217041;100;65.40900817414581;41.07142857142857;3.0
2023092518;2023-09-25;18;100.0;100;100.0;100;89.51724639436065;60.71428571428572;5.0
2023092606;2023-09-26;6;100.0;100;100.0;100;100.0;82.14285714285714;7.0
2023092612;2023-09-26;12;100.0;100;96.27291297912598;100;76.05546203156769;73.21428571428571;6.0
2023092618;2023-09-26;18;100.0;100;100.0;100;86.6740685989505;82.14285714285714;7.0
2023092706;2023-09-27;6;100.0;100;100.0;100;98.45316710969269;75.0;6.0
2023092712;2023-09-27;12;100.0;100;94.67643165588379;100;74.4589807083255;66.07142857142857;5.0
2023092718;2023-09-27;18;100.0;100;100.0;100;97.34745421906769;76.78571428571429;6.0
2023092806;2023-09-28;6;100.0;100;100.0;100;99.31451049348175;83.92857142857143;7.0
2023092812;2023-09-28;12;100.0;100;93.07829475402832;100;72.86084380647003;78.57142857142857;6.0
2023092818;2023-09-28;18;100.0;100;100.0;100;91.88184752961456;64.28571428571429;5.0
2023092906;2023-09-29;6;100.0;100;100.0;100;100.0;71.42857142857143;6.0
2023092912;2023-09-29;12;100.0;100;91.34404945373535;100;71.12659850617706;66.07142857142857;5.0
2023092918;2023-09-29;18;100.0;100;100.0;100;93.27065673371612;67.85714285714286;5.0
2023093006;2023-09-30;6;100.0;100;100.0;100;98.11538329621612;73.21428571428571;6.0
2023093012;2023-09-30;12;100.0;100;87.28597450256348;100;67.06852355500519;62.5;5.0
2023093018;2023-09-30;18;100.0;100;100.0;100;94.99250426789581;71.42857142857143;6.0
2023100106;2023-10-01;6;100.0;100;100.0;100;100.0;57.142857142857146;5.0
2023100112;2023-10-01;12;100.0;100;85.2026309967041;100;64.98518004914581;66.07142857142857;5.0
2023100118;2023-10-01;18;100.0;100;98.24316596984863;100;78.02571502229034;69.64285714285714;6.0
2023100206;2023-10-02;6;100.0;100;100.0;100;100.0;62.5;5.0
2023100212;2023-10-02;12;100.0;100;84.68955421447754;100;64.47210326691925;62.5;5.0
2023100218;2023-10-02;18;100.0;100;100.0;100;82.23000731965362;60.71428571428572;5.0
2023100306;2023-10-03;6;100.0;100;100.0;100;100.0;89.28571428571429;7.0
2023100312;2023-10-03;12;100.0;100;96.1773624420166;100;75.95991149445831;71.42857142857143;6.0
2023100318;2023-10-03;18;100.0;100;100.0;100;93.03373351594269;76.78571428571429;6.0
2023100406;2023-10-04;6;100.0;100;100.0;100;95.66183105012237;67.85714285714286;5.0
2023100412;2023-10-04;12;100.0;100;89.48144721984863;100;69.26399627229034;71.42857142857143;6.0
2023100418;2023-10-04;18;100.0;100;98.04874610900879;100;77.8312951614505;64.28571428571429;5.0
2023100506;2023-10-05;6;100.0;100;100.0;100;100.0;71.42857142857143;6.0
2023100512;2023-10-05;12;100.0;100;100.0;100;85.93909087678253;69.64285714285714;6.0
2023100518;2023-10-05;18;100.0;100;100.0;100;98.46987548371612;66.07142857142857;5.0
2023100606;2023-10-06;6;100.0;100;100.0;100;100.0;78.57142857142857;6.0
2023100612;2023-10-06;12;100.0;100;100.0;100;83.6462136795169;66.07142857142857;5.0
2023100618;2023-10-06;18;100.0;100;100.0;100;100.0;76.78571428571429;6.0
2023100706;2023-10-07;6;100.0;100;100.0;100;100.0;76.78571428571429;6.0
2023100712;2023-10-07;12;100.0;100;90.64528846740723;100;70.42783751984894;55.35714285714285;4.0
2023100718;2023-10-07;18;100.0;100;100.0;100;88.28154387971222;60.71428571428572;5.0
2023100806;2023-10-08;6;100.0;100;100.0;100;94.86135497590362;64.28571428571429;5.0
2023100812;2023-10-08;12;100.0;100;83.54971504211426;100;63.332264094555974;60.71428571428572;5.0
2023100818;2023-10-08;18;100.0;100;95.95271492004395;100;75.73526397248565;53.57142857142857;4.0
2023100906;2023-10-09;6;100.0;100;100.0;100;92.60270324250519;57.142857142857146;5.0
2023100912;2023-10-09;12;92.26436614990234;100;74.4193286895752;100;54.20187774201691;62.5;5.0
2023100918;2023-10-09;18;100.0;100;100.0;100;81.77687469025909;58.92857142857143;5.0
2023101006;2023-10-10;6;100.0;100;100.0;100;100.0;76.78571428571429;6.0
2023101012;2023-10-10;12;100.0;100;95.45785713195801;100;75.24040618439972;67.85714285714286;5.0
2023101018;2023-10-10;18;100.0;100;100.0;100;88.34486022492706;67.85714285714286;5.0
2023101106;2023-10-11;6;100.0;100;100.0;100;100.0;89.28571428571429;7.0
2023101112;2023-10-11;12;100.0;100;94.57512855529785;100;74.35767760773956;60.71428571428572;5.0
2023101118;2023-10-11;18;100.0;100;100.0;100;90.12749877473175;62.5;5.0
2023101206;2023-10-12;6;100.0;100;100.0;100;89.79396453400909;50.0;4.0
2023101212;2023-10-12;12;100.0;100;83.26570320129395;100;63.04825225373566;53.57142857142857;4.0
2023101218;2023-10-12;18;100.0;100;97.21853828430176;100;77.00108733674347;55.35714285714285;4.0
2023101306;2023-10-13;6;100.0;100;100.0;100;93.32357421418487;55.35714285714285;4.0
2023101312;2023-10-13;12;100.0;100;86.57621192932129;100;66.358760981763;57.142857142857146;5.0
2023101318;2023-10-13;18;100.0;100;96.15531349182129;100;75.937862544263;66.07142857142857;5.0
2023101406;2023-10-14;6;100.0;100;100.0;100;90.78152099152862;58.92857142857143;5.0
2023101412;2023-10-14;12;98.23902130126953;100;80.39398384094238;100;60.1765328933841;67.85714285714286;5.0
2023101418;2023-10-14;18;100.0;100;94.95427131652832;100;74.73682036897003;60.71428571428572;5.0
2023101506;2023-10-15;6;100.0;100;100.0;100;93.7636682083255;66.07142857142857;5.0
2023101512;2023-10-15;12;100.0;100;88.6121997833252;100;68.3947488357669;55.35714285714285;4.0
2023101518;2023-10-15;18;100.0;100;100.0;100;82.20351806184112;57.142857142857146;5.0
2023101606;2023-10-16;6;100.0;100;100.0;100;93.34724059602081;46.42857142857143;4.0
2023101612;2023-10-16;12;100.0;100;93.11162757873535;100;72.89417663117706;60.71428571428572;5.0
2023101618;2023-10-16;18;100.0;100;100.0;100;88.84682097932159;51.785714285714285;4.0
2023101706;2023-10-17;6;100.0;100;100.0;100;83.39507689973175;42.85714285714285;3.0
2023101712;2023-10-17;12;100.0;100;92.43807411193848;100;72.22062316438019;58.92857142857143;5.0
2023101718;2023-10-17;18;100.0;100;98.87388038635254;100;78.65642943879425;51.785714285714285;4.0
2023101806;2023-10-18;6;100.0;100;100.0;100;99.91032043000519;51.785714285714285;4.0
2023101812;2023-10-18;12;100.0;100;84.40225410461426;100;64.18480315705597;64.28571428571429;5.0
2023101818;2023-10-18;18;100.0;100;100.0;100;81.29323211213409;69.64285714285714;6.0
2023101906;2023-10-19;6;100.0;100;100.0;100;82.35084929963409;58.92857142857143;5.0
2023101912;2023-10-19;12;98.81902313232422;100;80.97398567199707;100;60.75653472443879;67.85714285714286;5.0
2023101918;2023-10-19;18;100.0;100;92.57051277160645;100;72.35306182404815;64.28571428571429;5.0
2023102006;2023-10-20;6;100.0;100;100.0;100;92.29963317414581;67.85714285714286;5.0
2023102012;2023-10-20;12;100.0;100;83.60274696350098;100;63.38529601594269;58.92857142857143;5.0
2023102018;2023-10-20;18;100.0;100;100.0;100;82.88480773469269;66.07142857142857;5.0
2023102106;2023-10-21;6;100.0;100;100.0;100;96.58607116242706;83.92857142857143;7.0
2023102112;2023-10-21;12;100.0;100;94.40779304504395;100;74.19034209748565;82.14285714285714;7.0
2023102118;2023-10-21;18;100.0;100;100.0;100;86.15464416047394;78.57142857142857;6.0
2023102206;2023-10-22;6;100.0;100;100.0;100;91.04969420930206;64.28571428571429;5.0
2023102212;2023-10-22;12;100.0;100;90.98748970031738;100;70.77003875275909;64.28571428571429;5.0
2023102218;2023-10-22;18;100.0;100;100.0;100;91.78232970734894;73.21428571428571;6.0
2023102306;2023-10-23;6;100.0;100;100.0;100;86.36995330354034;75.0;6.0
2023102312;2023-10-23;12;100.0;100;92.24093818664551;100;72.02348723908722;69.64285714285714;6.0
2023102318;2023-10-23;18;100.0;100;100.0;100;85.61638274689972;67.85714285714286;5.0
2023102406;2023-10-24;6;100.0;100;100.0;100;93.25709167023956;83.92857142857143;7.0
2023102412;2023-10-24;12;100.0;100;100.0;100;83.8320275833255;91.07142857142856;7.0
2023102418;2023-10-24;18;100.0;100;100.0;100;93.00921264191925;85.71428571428571;7.0
2023102506;2023-10-25;6;100.0;100;100.0;100;97.73005309602081;75.0;6.0
2023102512;2023-10-25;12;100.0;100;95.97104835510254;100;75.75359740754425;62.5;5.0
2023102518;2023-10-25;18;100.0;100;100.0;100;90.81437316438019;67.85714285714286;5.0
2023102606;2023-10-26;6;100.0;100;100.0;100;98.91971984406769;78.57142857142857;6.0
2023102612;2023-10-26;12;100.0;100;98.56521034240723;100;78.34775939484894;87.5;7.0
2023102618;2023-10-26;18;100.0;100;100.0;100;87.06753173371612;91.07142857142856;7.0
2023102706;2023-10-27;6;100.0;100;100.0;100;90.54645934602081;80.35714285714286;6.0
2023102712;2023-10-27;12;100.0;100;89.5145206451416;100;69.29706969758331;75.0;6.0
2023102718;2023-10-27;18;100.0;100;100.0;100;85.76634612580597;78.57142857142857;6.0
2023102806;2023-10-28;6;100.0;100;100.0;100;93.91263976594269;80.35714285714286;6.0
2023102812;2023-10-28;12;100.0;100;100.0;100;80.33210387727081;78.57142857142857;6.0
2023102818;2023-10-28;18;100.0;100;100.0;100;94.66160216828644;78.57142857142857;6.0
2023102906;2023-10-29;6;100.0;100;100.0;100;99.97239318391144;87.5;7.0
2023102912;2023-10-29;12;100.0;100;100.0;100;80.79696288605987;82.14285714285714;7.0
2023102918;2023-10-29;18;100.0;100;100.0;100;88.20139709016144;82.14285714285714;7.0
2023103006;2023-10-30;6;100.0;100;100.0;100;94.67112365266144;73.21428571428571;6.0
2023103012;2023-10-30;12;100.0;100;89.14258003234863;100;68.92512908479034;66.07142857142857;5.0
2023103018;2023-10-30;18;100.0;100;100.0;100;80.54319396516144;69.64285714285714;6.0
2023103106;2023-10-31;6;100.0;100;100.0;100;96.4560510208255;75.0;6.0
2023103112;2023-10-31;12;100.0;100;100.0;100;85.93214812775909;78.57142857142857;6.0
2023103118;2023-10-31;18;100.0;100;100.0;100;92.32612243195831;78.57142857142857;6.0
2023110106;2023-11-01;6;100.0;100;100.0;100;100.0;92.85714285714286;7.0
2023110112;2023-11-01;12;100.0;100;96.17075538635254;100;75.95330443879425;85.71428571428571;7.0
2023110118;2023-11-01;18;100.0;100;100.0;100;89.28229156037628;82.14285714285714;7.0
2023110206;2023-11-02;6;100.0;100;100.0;100;96.67112365266144;76.78571428571429;6.0
2023110212;2023-11-02;12;100.0;100;95.58640480041504;100;75.36895385285675;80.35714285714286;6.0
2023110218;2023-11-02;18;100.0;100;100.0;100;98.622188716138;64.28571428571429;5.0
2023110306;2023-11-03;6;100.0;100;100.0;100;100.0;94.64285714285714;8.0
2023110312;2023-11-03;12;100.0;100;98.0460376739502;100;77.8285867263919;82.14285714285714;7.0
2023110318;2023-11-03;18;100.0;100;100.0;100;85.22261443635284;71.42857142857143;6.0
2023110406;2023-11-04;6;100.0;100;100.0;100;93.4604455520755;82.14285714285714;7.0
2023110412;2023-11-04;12;100.0;100;100.0;100;84.30096068879425;78.57142857142857;6.0
2023110418;2023-11-04;18;100.0;100;100.0;100;91.13279357453644;83.92857142857143;7.0
2023110506;2023-11-05;6;100.0;100;100.0;100;100.0;91.07142857142856;7.0
2023110512;2023-11-05;12;100.0;100;97.7452335357666;100;77.52778258820831;92.85714285714286;7.0
2023110518;2023-11-05;18;100.0;100;100.0;100;92.30636230012237;89.28571428571429;7.0
2023110606;2023-11-06;6;100.0;100;100.0;100;100.0;92.85714285714286;7.0
2023110612;2023-11-06;12;100.0;100;100.0;100;80.8518029739505;73.21428571428571;6.0
2023110618;2023-11-06;18;100.0;100;100.0;100;82.45099273225128;76.78571428571429;6.0
2023110706;2023-11-07;6;100.0;100;100.0;100;98.8696252395755;92.85714285714286;7.0
2023110712;2023-11-07;12;100.0;100;100.0;100;81.81935515900909;80.35714285714286;6.0
2023110718;2023-11-07;18;100.0;100;100.0;100;93.87209716340362;66.07142857142857;5.0
2023110806;2023-11-08;6;100.0;100;100.0;100;96.33433166047394;82.14285714285714;7.0
2023110812;2023-11-08;12;100.0;100;100.0;100;87.11113372346222;76.78571428571429;6.0
2023110818;2023-11-08;18;100.0;100;100.0;100;100.0;76.78571428571429;6.0
2023110906;2023-11-09;6;100.0;100;100.0;100;98.75196471711456;78.57142857142857;6.0
2023110912;2023-11-09;12;100.0;100;99.75816535949707;100;79.54071441193878;83.92857142857143;7.0
2023110918;2023-11-09;18;100.0;100;100.0;100;83.13660827180206;78.57142857142857;6.0
2023111006;2023-11-10;6;100.0;100;100.0;100;83.89805236359894;82.14285714285714;7.0
2023111012;2023-11-10;12;100.0;100;85.00148963928223;100;64.78403869172394;91.07142857142856;7.0
2023111018;2023-11-10;18;100.0;100;100.0;100;87.44414153596222;82.14285714285714;7.0
2023111106;2023-11-11;6;100.0;100;100.0;100;97.73640075227081;94.64285714285714;8.0
2023111112;2023-11-11;12;100.0;100;97.15277290344238;100;76.93532195588409;76.78571428571429;6.0
2023111118;2023-11-11;18;100.0;100;100.0;100;88.11612334748565;82.14285714285714;7.0
2023111206;2023-11-12;6;100.0;100;100.0;100;89.37865081330597;67.85714285714286;5.0
2023111212;2023-11-12;12;100.0;100;91.43381690979004;100;71.21636596223175;62.5;5.0
2023111218;2023-11-12;18;100.0;100;98.10710334777832;100;77.88965240022003;51.785714285714285;4.0
2023111306;2023-11-13;6;100.0;100;100.0;100;97.15755858918487;62.5;5.0
2023111312;2023-11-13;12;100.0;100;99.71012306213379;100;79.4926721145755;71.42857142857143;6.0
2023111318;2023-11-13;18;100.0;100;100.0;100;89.79155364533722;71.42857142857143;6.0
2023111406;2023-11-14;6;100.0;100;100.0;100;93.01552978059112;80.35714285714286;6.0
2023111412;2023-11-14;12;100.0;100;96.29527473449707;100;76.07782378693878;80.35714285714286;6.0
2023111418;2023-11-14;18;100.0;100;100.0;100;86.10593810578644;83.92857142857143;7.0
2023111506;2023-11-15;6;100.0;100;100.0;100;96.1506310989505;75.0;6.0
2023111512;2023-11-15;12;100.0;100;89.11106300354004;100;68.89361205598175;69.64285714285714;6.0
2023111518;2023-11-15;18;100.0;100;100.0;100;81.26725402375519;66.07142857142857;5.0
2023111606;2023-11-16;6;100.0;100;100.0;100;88.81534209748565;75.0;6.0
2023111612;2023-11-16;12;100.0;100;95.85269355773926;100;75.63524261018097;75.0;6.0
2023111618;2023-11-16;18;100.0;100;100.0;100;82.1506310989505;73.21428571428571;6.0
2023111706;2023-11-17;6;100.0;100;100.0;100;85.21477904816925;80.35714285714286;6.0
2023111712;2023-11-17;12;100.0;100;90.56820106506348;100;70.35075011750519;78.57142857142857;6.0
2023111718;2023-11-17;18;100.0;100;100.0;100;81.86867919465362;76.78571428571429;6.0
2023111806;2023-11-18;6;100.0;100;100.0;100;100.0;67.85714285714286;5.0
2023111812;2023-11-18;12;100.0;100;100.0;100;87.0678445388919;85.71428571428571;7.0
2023111818;2023-11-18;18;100.0;100;100.0;100;85.86884704133331;69.64285714285714;6.0
2023111906;2023-11-19;6;100.0;100;100.0;100;97.21844115754425;92.85714285714286;7.0
2023111912;2023-11-19;12;100.0;100;100.0;100;87.95074096223175;98.21428571428572;8.0
2023111918;2023-11-19;18;100.0;100;100.0;100;92.39864745637237;89.28571428571429;7.0
2023112006;2023-11-20;6;100.0;100;100.0;100;95.70463195344269;83.92857142857143;7.0
2023112012;2023-11-20;12;100.0;100;95.98759651184082;100;75.77014556428253;80.35714285714286;6.0
2023112018;2023-11-20;18;100.0;100;100.0;100;89.70521178742706;92.85714285714286;7.0
2023112106;2023-11-21;6;100.0;100;100.0;100;91.72665038605987;67.85714285714286;5.0
2023112112;2023-11-21;12;100.0;100;99.24894905090332;100;79.03149810334503;62.5;5.0
2023112118;2023-11-21;18;100.0;100;100.0;100;85.43000426789581;67.85714285714286;5.0
2023112206;2023-11-22;6;100.0;100;100.0;100;85.41131225129425;55.35714285714285;4.0
2023112212;2023-11-22;12;100.0;100;95.95713996887207;100;75.73968902131378;75.0;6.0
2023112218;2023-11-22;18;100.0;100;100.0;100;80.39830413361847;64.28571428571429;5.0
2023112306;2023-11-23;6;100.0;100;100.0;100;83.06244292756378;82.14285714285714;7.0
2023112312;2023-11-23;12;100.0;100;91.49150276184082;100;71.27405181428253;83.92857142857143;7.0
2023112318;2023-11-23;18;100.0;100;100.0;100;80.54581084748565;91.07142857142856;7.0
2023112406;2023-11-24;6;100.0;100;98.13632392883301;100;77.91887298127472;67.85714285714286;5.0
2023112412;2023-11-24;12;100.0;100;88.17218971252441;100;67.95473876496612;78.57142857142857;6.0
2023112418;2023-11-24;18;100.0;100;95.73076057434082;100;75.51330962678253;78.57142857142857;6.0
2023112506;2023-11-25;6;100.0;100;99.77536964416504;100;79.55791869660675;80.35714285714286;6.0
2023112512;2023-11-25;12;100.0;100;98.20211982727051;100;77.98466887971222;91.07142857142856;7.0
2023112518;2023-11-25;18;100.0;100;93.08294105529785;100;72.86549010773956;85.71428571428571;7.0
2023112606;2023-11-26;6;100.0;100;92.00238227844238;100;71.78493133088409;69.64285714285714;6.0
2023112612;2023-11-26;12;100.0;100;93.74204444885254;100;73.52459350129425;83.92857142857143;7.0
2023112618;2023-11-26;18;100.0;100;100.0;100;79.90813842316925;66.07142857142857;5.0
2023112706;2023-11-27;6;100.0;100;100.0;100;86.50972381135284;76.78571428571429;6.0
2023112712;2023-11-27;12;100.0;100;100.0;100;80.28957763215362;82.14285714285714;7.0
2023112718;2023-11-27;18;100.0;100;100.0;100;82.64966979523956;67.85714285714286;5.0
2023112806;2023-11-28;6;100.0;100;100.0;100;83.5874978592044;66.07142857142857;5.0
2023112812;2023-11-28;12;100.0;100;98.55819129943848;100;78.34074035188019;67.85714285714286;5.0
2023112818;2023-11-28;18;100.0;100;100.0;100;89.90224090119659;69.64285714285714;6.0
2023112906;2023-11-29;6;100.0;100;100.0;100;85.89183440705597;80.35714285714286;6.0
2023112912;2023-11-29;12;100.0;100;100.0;100;86.20833983918487;96.42857142857144;8.0
2023112918;2023-11-29;18;100.0;100;100.0;100;85.16878905793487;82.14285714285714;7.0
2023113006;2023-11-30;6;100.0;100;100.0;100;82.25145354768097;82.14285714285714;7.0
2023113012;2023-11-30;12;100.0;100;100.0;100;80.25748076936065;80.35714285714286;6.0
2023113018;2023-11-30;18;100.0;100;100.0;100;86.3410378982669;67.85714285714286;5.0
2023120106;2023-12-01;6;100.0;100;100.0;100;94.22604003449737;87.5;7.0
2023120112;2023-12-01;12;100.0;100;99.99934577941895;100;79.78189483186065;75.0;6.0
2023120118;2023-12-01;18;100.0;100;100.0;100;96.0283166458255;69.64285714285714;6.0
2023120206;2023-12-02;6;100.0;100;100.0;100;95.03516784211456;82.14285714285714;7.0
2023120212;2023-12-02;12;100.0;100;100.0;100;83.97790923615753;78.57142857142857;6.0
2023120218;2023-12-02;18;100.0;100;100.0;100;91.33416381379425;71.42857142857143;6.0
2023120306;2023-12-03;6;100.0;100;100.0;100;90.9318810989505;78.57142857142857;6.0
2023120312;2023-12-03;12;100.0;100;100.0;100;90.98527160188019;91.07142857142856;7.0
2023120318;2023-12-03;18;100.0;100;100.0;100;86.704708247388;82.14285714285714;7.0
2023120406;2023-12-04;6;100.0;100;100.0;100;89.723751216138;82.14285714285714;7.0
2023120412;2023-12-04;12;100.0;100;94.03910255432129;100;73.821651606763;78.57142857142857;6.0
2023120418;2023-12-04;18;100.0;100;100.0;100;90.32729735871612;96.42857142857144;8.0
2023120506;2023-12-05;6;100.0;100;100.0;100;96.52242675324737;94.64285714285714;8.0
2023120512;2023-12-05;12;100.0;100;100.0;100;79.88190093537628;96.42857142857144;8.0
2023120518;2023-12-05;18;100.0;100;100.0;100;91.69356933137237;89.28571428571429;7.0
2023120606;2023-12-06;6;100.0;100;100.0;100;97.85877624055206;87.5;7.0
2023120612;2023-12-06;12;100.0;100;100.0;100;80.74131408234894;91.07142857142856;7.0
2023120618;2023-12-06;18;100.0;100;100.0;100;83.51899352570831;92.85714285714286;7.0
2023120706;2023-12-07;6;100.0;100;100.0;100;92.04824462434112;85.71428571428571;7.0
2023120712;2023-12-07;12;100.0;100;100.0;100;84.58722320100128;98.21428571428572;8.0
2023120718;2023-12-07;18;100.0;100;100.0;100;90.738399653638;92.85714285714286;7.0
2023120806;2023-12-08;6;100.0;100;100.0;100;92.03969970246612;87.5;7.0
2023120812;2023-12-08;12;100.0;100;100.0;100;81.84458556672394;92.85714285714286;7.0
2023120818;2023-12-08;18;100.0;100;100.0;100;96.44546142121612;96.42857142857144;8.0
2023120906;2023-12-09;6;100.0;100;100.0;100;96.24506774445831;85.71428571428571;7.0
2023120912;2023-12-09;12;100.0;100;89.9648380279541;100;69.74738708039581;69.64285714285714;6.0
2023120918;2023-12-09;18;100.0;100;100.0;100;85.59778991242706;62.5;5.0
2023121006;2023-12-10;6;100.0;100;100.0;100;95.31296935578644;67.85714285714286;5.0
2023121012;2023-12-10;12;100.0;100;100.0;100;83.68895354768097;76.78571428571429;6.0
2023121018;2023-12-10;18;100.0;100;100.0;100;82.16223540803253;87.5;7.0
2023121106;2023-12-11;6;100.0;100;100.0;100;93.24137511750519;92.85714285714286;7.0
2023121112;2023-12-11;12;100.0;100;92.41364479064941;100;72.19619384309112;92.85714285714286;7.0
2023121118;2023-12-11;18;100.0;100;93.51189613342285;100;73.29444518586456;76.78571428571429;6.0
2023121206;2023-12-12;6;100.0;100;99.69478797912598;100;79.47733703156769;80.35714285714286;6.0
2023121212;2023-12-12;12;100.0;100;87.03830146789551;100;66.82085052033722;58.92857142857143;5.0
2023121218;2023-12-12;18;100.0;100;94.01511573791504;100;73.79766479035675;67.85714285714286;5.0
2023121306;2023-12-13;6;100.0;100;100.0;100;82.71184936066925;73.21428571428571;6.0
2023121312;2023-12-13;12;100.0;100;100.0;100;84.17766204377472;76.78571428571429;6.0
2023121318;2023-12-13;18;100.0;100;100.0;100;87.55831542512237;67.85714285714286;5.0
2023121406;2023-12-14;6;100.0;100;100.0;100;79.87916198273956;75.0;6.0
2023121412;2023-12-14;12;100.0;100;89.40225410461426;100;69.18480315705597;73.21428571428571;6.0
2023121418;2023-12-14;18;100.0;100;97.91073799133301;100;77.69328704377472;60.71428571428572;5.0
2023121506;2023-12-15;6;100.0;100;100.0;100;86.01070037385284;85.71428571428571;7.0
2023121512;2023-12-15;12;100.0;100;99.41108131408691;100;79.19363036652862;87.5;7.0
2023121518;2023-12-15;18;100.0;100;100.0;100;84.59447112580597;75.0;6.0
2023121606;2023-12-16;6;100.0;100;100.0;100;90.32264342805206;91.07142857142856;7.0
2023121612;2023-12-16;12;100.0;100;89.33416938781738;100;69.11671844025909;91.07142857142856;7.0
2023121618;2023-12-16;18;100.0;100;94.5819034576416;100;74.36445251008331;64.28571428571429;5.0
2023121706;2023-12-17;6;100.0;100;96.01751136779785;100;75.80006042023956;69.64285714285714;6.0
2023121712;2023-12-17;12;100.0;100;94.77897834777832;100;74.56152740022003;80.35714285714286;6.0
2023121718;2023-12-17;18;100.0;100;96.19120216369629;100;75.973751216138;78.57142857142857;6.0
2023121806;2023-12-18;6;100.0;100;99.45524024963379;100;79.2377893020755;71.42857142857143;6.0
2023121812;2023-12-18;12;100.0;100;97.74637794494629;100;77.528926997388;89.28571428571429;7.0
2023121818;2023-12-18;18;100.0;100;94.56128120422363;100;74.34383025666534;85.71428571428571;7.0
2023121906;2023-12-19;6;100.0;100;90.63269233703613;100;70.41524138947784;76.78571428571429;6.0
2023121912;2023-12-19;12;100.0;100;91.2152042388916;100;70.99775329133331;60.71428571428572;5.0
2023121918;2023-12-19;18;100.0;100;91.25722694396973;100;71.03977599641144;69.64285714285714;6.0
2023122006;2023-12-20;6;100.0;100;100.0;100;86.98840728303253;91.07142857142856;7.0
2023122012;2023-12-20;12;100.0;100;86.67070960998535;100;66.45325866242706;80.35714285714286;6.0
2023122018;2023-12-20;18;100.0;100;98.04253578186035;100;77.82508483430206;91.07142857142856;7.0
2023122106;2023-12-21;6;100.0;100;92.02969551086426;100;71.81224456330597;92.85714285714286;7.0
2023122112;2023-12-21;12;100.0;100;96.40422248840332;100;76.18677154084503;80.35714285714286;6.0
2023122118;2023-12-21;18;100.0;100;100.0;100;81.55807128449737;67.85714285714286;5.0
2023122206;2023-12-22;6;100.0;100;92.94930458068848;100;72.73185363313019;71.42857142857143;6.0
2023122212;2023-12-22;12;100.0;100;97.35974311828613;100;77.14229217072784;85.71428571428571;7.0
2023122218;2023-12-22;18;100.0;100;96.91924476623535;100;76.70179381867706;76.78571428571429;6.0
2023122306;2023-12-23;6;100.0;100;100.0;100;85.67725768586456;83.92857142857143;7.0
2023122312;2023-12-23;12;100.0;100;100.0;100;82.36650481721222;96.42857142857144;8.0
2023122318;2023-12-23;18;100.0;100;100.0;100;86.1122781326419;94.64285714285714;8.0
2023122406;2023-12-24;6;100.0;100;100.0;100;80.83396544953644;82.14285714285714;7.0
2023122412;2023-12-24;12;100.0;100;94.02646064758301;100;73.80900970002472;80.35714285714286;6.0
2023122418;2023-12-24;18;100.0;100;85.30420112609863;100;65.08675017854034;69.64285714285714;6.0
2023122506;2023-12-25;6;100.0;100;100.0;100;83.69294372102081;78.57142857142857;6.0
2023122512;2023-12-25;12;100.0;100;93.06828498840332;100;72.85083404084503;82.14285714285714;7.0
2023122518;2023-12-25;18;100.0;100;90.91640663146973;100;70.69895568391144;62.5;5.0
2023122606;2023-12-26;6;100.0;100;97.82849311828613;100;77.61104217072784;78.57142857142857;6.0
2023122612;2023-12-26;12;100.0;100;91.85380744934082;100;71.63635650178253;80.35714285714286;6.0
2023122618;2023-12-26;18;100.0;100;100.0;100;84.96355071564972;82.14285714285714;7.0
2023122706;2023-12-27;6;100.0;100;100.0;100;80.99976745148956;96.42857142857144;8.0
2023122712;2023-12-27;12;100.0;100;100.0;100;83.78865447541534;91.07142857142856;7.0
2023122718;2023-12-27;18;100.0;100;100.0;100;80.90582671662628;100.0;8.0
2023122806;2023-12-28;6;100.0;100;100.0;100;81.35037627717315;76.78571428571429;6.0
2023122812;2023-12-28;12;100.0;100;100.0;100;81.71016326447784;75.0;6.0
2023122818;2023-12-28;18;100.0;100;100.0;100;84.48263183137237;75.0;6.0
2023122906;2023-12-29;6;100.0;100;100.0;100;81.55756011506378;75.0;6.0
2023122912;2023-12-29;12;100.0;100;99.10195350646973;100;78.88450255891144;83.92857142857143;7.0
2023122918;2023-12-29;18;100.0;100;100.0;100;81.99043670197784;73.21428571428571;6.0
2023123006;2023-12-30;6;100.0;100;99.55388832092285;100;79.33643737336456;75.0;6.0
2023123012;2023-12-30;12;100.0;100;92.99054145812988;100;72.77309051057159;78.57142857142857;6.0
2023123018;2023-12-30;18;100.0;100;100.0;100;80.554561763013;71.42857142857143;6.0
2023123106;2023-12-31;6;100.0;100;96.42180061340332;100;76.20434966584503;62.5;5.0
2023123112;2023-12-31;12;100.0;100;93.15251350402832;100;72.93506255647003;60.71428571428572;5.0
2023123118;2023-12-31;18;100.0;100;100.0;100;80.69474425813019;73.21428571428571;6.0
