datehour;date;hour;prediction;upper_bound_mae;lower_bound_mae;upper_bound_confidence_90;lower_bound_confidence_90;trend
2023010106;2023-01-01;6;1.7675946950912476;3.3379569053649902;0.19723248481750488;5.157150231442042;0.0;7.0
2023010112;2023-01-01;12;0.6133813858032227;2.1837435960769653;0.0;4.002936922154017;0.0;6.0
2023010118;2023-01-01;18;0.0;1.3784464597702026;0.0;3.197639785847254;0.0;5.0
2023010206;2023-01-02;6;1.1211028099060059;2.6914650201797485;0.0;4.5106583462568;0.0;6.0
2023010212;2023-01-02;12;1.041002631187439;2.6113648414611816;0.0;4.4305581675382335;0.0;5.0
2023010218;2023-01-02;18;0.0;1.4914608970284462;0.0;3.3106542231054976;0.0;4.0
2023010306;2023-01-03;6;2.0618417263031006;3.6322039365768433;0.4914795160293579;5.451397262653895;0.0;6.0
2023010312;2023-01-03;12;1.759163498878479;3.3295257091522217;0.18880128860473633;5.1487190352292735;0.0;6.0
2023010318;2023-01-03;18;1.7198615074157715;3.290223717689514;0.1494992971420288;5.109417043766566;0.0;6.0
2023010406;2023-01-04;6;2.014549732208252;3.5849119424819946;0.4441875219345093;5.4041052685590465;0.0;6.0
2023010412;2023-01-04;12;1.7765105962753296;3.3468728065490723;0.20614838600158691;5.166066132626124;0.0;7.0
2023010418;2023-01-04;18;1.0654218196868896;2.6357840299606323;0.0;4.454977356037684;0.0;7.0
2023010506;2023-01-05;6;0.8003281354904175;2.37069034576416;0.0;4.189883671841212;0.0;5.0
2023010512;2023-01-05;12;0.6529897451400757;2.2233519554138184;0.0;4.04254528149087;0.0;5.0
2023010518;2023-01-05;18;0.0;1.3955824077129364;0.0;3.214775733789988;0.0;6.0
2023010606;2023-01-06;6;2.1947364807128906;3.7650986909866333;0.624374270439148;5.584292017063685;0.0;6.0
2023010612;2023-01-06;12;2.0268454551696777;3.5972076654434204;0.45648324489593506;5.416400991520472;0.0;7.0
2023010618;2023-01-06;18;1.325472116470337;2.8958343267440796;0.0;4.7150276528211315;0.0;7.0
2023010706;2023-01-07;6;2.0924673080444336;3.6628295183181763;0.5221050977706909;5.482022844395228;0.0;7.0
2023010712;2023-01-07;12;2.0354864597320557;3.6058486700057983;0.465124249458313;5.42504199608285;0.0;6.0
2023010718;2023-01-07;18;0.8607180118560791;2.4310802221298218;0.0;4.250273548206874;0.0;7.0
2023010806;2023-01-08;6;0.9880340099334717;2.5583962202072144;0.0;4.377589546284266;0.0;5.0
2023010812;2023-01-08;12;0.6172189712524414;2.187581181526184;0.0;4.006774507603236;0.0;5.0
2023010818;2023-01-08;18;0.0;1.5221835859119892;0.0;3.3413769119890406;0.0;6.0
2023010906;2023-01-09;6;1.9882643222808838;3.5586265325546265;0.4179021120071411;5.377819858631678;0.0;6.0
2023010912;2023-01-09;12;1.2089061737060547;2.7792683839797974;0.0;4.598461710056849;0.0;5.0
2023010918;2023-01-09;18;0.7444068193435669;2.3147690296173096;0.0;4.133962355694361;0.0;6.0
2023011006;2023-01-10;6;1.869359016418457;3.4397212266921997;0.29899680614471436;5.258914552769252;0.0;6.0
2023011012;2023-01-10;12;0.49624454975128174;2.0666067600250244;0.0;3.885800086102076;0.0;6.0
2023011018;2023-01-10;18;0.0;1.5088962987065315;0.0;3.328089624783583;0.0;6.0
2023011106;2023-01-11;6;1.3935185670852661;2.963880777359009;0.0;4.783074103436061;0.0;6.0
2023011112;2023-01-11;12;0.7008413076400757;2.2712035179138184;0.0;4.09039684399087;0.0;6.0
2023011118;2023-01-11;18;0.6622872948646545;2.232649505138397;0.0;4.051842831215449;0.0;5.0
2023011206;2023-01-12;6;0.4472828209400177;2.0176450312137604;0.0;3.836838357290812;0.0;7.0
2023011212;2023-01-12;12;0.11584778130054474;1.6862099915742874;0.0;3.505403317651339;0.0;6.0
2023011218;2023-01-12;18;0.0;0.7236196398735046;0.0;2.542812965950556;0.0;6.0
2023011306;2023-01-13;6;0.8316878080368042;2.402050018310547;0.0;4.221243344387599;0.0;7.0
2023011312;2023-01-13;12;1.0075608491897583;2.577923059463501;0.0;4.397116385540553;0.0;7.0
2023011318;2023-01-13;18;0.4630705416202545;2.033432751893997;0.0;3.8526260779710486;0.0;6.0
2023011406;2023-01-14;6;2.2946741580963135;3.865036368370056;0.7243119478225708;5.684229694447108;0.0;7.0
2023011412;2023-01-14;12;1.534902572631836;3.1052647829055786;0.0;4.9244581089826305;0.0;6.0
2023011418;2023-01-14;18;1.4211878776550293;2.991550087928772;0.0;4.810743414005824;0.0;5.0
2023011506;2023-01-15;6;1.8222999572753906;3.3926621675491333;0.25193774700164795;5.211855493626185;0.0;6.0
2023011512;2023-01-15;12;1.7302823066711426;3.3006445169448853;0.1599200963973999;5.119837843021937;0.0;5.0
2023011518;2023-01-15;18;0.45745983719825745;2.027822047472;0.0;3.8470153735490515;0.0;7.0
2023011606;2023-01-16;6;1.3277418613433838;2.8981040716171265;0.0;4.717297397694178;0.0;4.0
2023011612;2023-01-16;12;1.1918081045150757;2.7621703147888184;0.0;4.58136364086587;0.0;5.0
2023011618;2023-01-16;18;0.3454330861568451;1.9157952964305878;0.0;3.734988622507639;0.0;5.0
2023011706;2023-01-17;6;1.5878108739852905;3.158173084259033;0.01744866371154785;4.977366410336085;0.0;5.0
2023011712;2023-01-17;12;1.2671235799789429;2.8374857902526855;0.0;4.656679116329737;0.0;5.0
2023011718;2023-01-17;18;1.1375617980957031;2.707924008369446;0.0;4.527117334446498;0.0;7.0
2023011806;2023-01-18;6;3.0279502868652344;4.598312497138977;1.4575880765914917;6.417505823216029;0.0;8.0
2023011812;2023-01-18;12;2.6701910495758057;4.240553259849548;1.099828839302063;6.0597465859266;0.0;7.0
2023011818;2023-01-18;18;2.3756957054138184;3.946057915687561;0.8053334951400757;5.765251241764613;0.0;8.0
2023011906;2023-01-19;6;1.4287772178649902;2.999139428138733;0.0;4.818332754215785;0.0;6.0
2023011912;2023-01-19;12;0.8825826048851013;2.452944815158844;0.0;4.272138141235896;0.0;7.0
2023011918;2023-01-19;18;0.09972444176673889;1.6700866520404816;0.0;3.489279978117533;0.0;7.0
2023012006;2023-01-20;6;2.674957036972046;4.245319247245789;1.1045948266983032;6.06451257332284;0.0;8.0
2023012012;2023-01-20;12;1.7443583011627197;3.3147205114364624;0.17399609088897705;5.133913837513514;0.0;8.0
2023012018;2023-01-20;18;1.4045089483261108;2.9748711585998535;0.0;4.794064484676905;0.0;7.0
2023012106;2023-01-21;6;1.883628249168396;3.4539904594421387;0.3132660388946533;5.2731837855191905;0.0;6.0
2023012112;2023-01-21;12;1.3100764751434326;2.8804386854171753;0.0;4.699632011494227;0.0;7.0
2023012118;2023-01-21;18;1.132490873336792;2.7028530836105347;0.0;4.5220464096875865;0.0;7.0
2023012206;2023-01-22;6;1.3375823497772217;2.9079445600509644;0.0;4.727137886128016;0.0;7.0
2023012212;2023-01-22;12;1.0812444686889648;2.6516066789627075;0.0;4.470800005039759;0.0;6.0
2023012218;2023-01-22;18;0.02366507053375244;1.5940272808074951;0.0;3.4132206068845465;0.0;6.0
2023012306;2023-01-23;6;1.2622226476669312;2.832584857940674;0.0;4.651778184017726;0.0;3.0
2023012312;2023-01-23;12;1.3559671640396118;2.9263293743133545;0.0;4.745522700390406;0.0;5.0
2023012318;2023-01-23;18;0.8276384472846985;2.398000657558441;0.0;4.217193983635493;0.0;5.0
2023012406;2023-01-24;6;2.619556427001953;4.189918637275696;1.0491942167282104;6.009111963352748;0.0;4.0
2023012412;2023-01-24;12;1.4481163024902344;3.018478512763977;0.0;4.837671838841029;0.0;6.0
2023012418;2023-01-24;18;1.1681019067764282;2.738464117050171;0.0;4.557657443127223;0.0;7.0
2023012506;2023-01-25;6;0.4671263098716736;2.0374885201454163;0.0;3.8566818462224677;0.0;5.0
2023012512;2023-01-25;12;0.3227420747280121;1.8931042850017548;0.0;3.712297611078806;0.0;6.0
2023012518;2023-01-25;18;0.0;0.5281790494918823;0.0;2.3473723755689337;0.0;6.0
2023012606;2023-01-26;6;1.3343268632888794;2.904689073562622;0.0;4.723882399639674;0.0;6.0
2023012612;2023-01-26;12;0.3959830701351166;1.9663452804088593;0.0;3.7855386064859107;0.0;7.0
2023012618;2023-01-26;18;0.594133198261261;2.1644954085350037;0.0;3.983688734612055;0.0;6.0
2023012706;2023-01-27;6;0.9411852359771729;2.5115474462509155;0.0;4.330740772327967;0.0;6.0
2023012712;2023-01-27;12;1.1766786575317383;2.747040867805481;0.0;4.566234193882533;0.0;6.0
2023012718;2023-01-27;18;0.0;1.2222467958927155;0.0;3.041440121969767;0.0;6.0
2023012806;2023-01-28;6;1.9343981742858887;3.5047603845596313;0.364035964012146;5.323953710636683;0.0;4.0
2023012812;2023-01-28;12;2.2758285999298096;3.8461908102035522;0.7054663896560669;5.665384136280604;0.0;6.0
2023012818;2023-01-28;18;1.2581335306167603;2.828495740890503;0.0;4.647689066967555;0.0;7.0
2023012906;2023-01-29;6;2.105048656463623;3.6754108667373657;0.5346864461898804;5.494604192814418;0.0;7.0
2023012912;2023-01-29;12;2.091654062271118;3.662016272544861;0.5212918519973755;5.481209598621913;0.0;4.0
2023012918;2023-01-29;18;0.239593043923378;1.8099552541971207;0.0;3.629148580274172;0.0;6.0
2023013006;2023-01-30;6;2.204298257827759;3.7746604681015015;0.6339360475540161;5.593853794178553;0.0;7.0
2023013012;2023-01-30;12;1.8708559274673462;3.441218137741089;0.3004937171936035;5.260411463818141;0.0;8.0
2023013018;2023-01-30;18;1.0774896144866943;2.647851824760437;0.0;4.467045150837489;0.0;7.0
2023013106;2023-01-31;6;1.3775726556777954;2.947934865951538;0.0;4.76712819202859;0.0;6.0
2023013112;2023-01-31;12;0.5307953357696533;2.101157546043396;0.0;3.9203508721204474;0.0;7.0
2023013118;2023-01-31;18;0.0;0.8738610744476318;0.0;2.6930544005246833;0.0;6.0
2023020106;2023-02-01;6;1.2551445960998535;2.825506806373596;0.0;4.644700132450648;0.0;7.0
2023020112;2023-02-01;12;0.5786182880401611;2.148980498313904;0.0;3.9681738243909552;0.0;6.0
2023020118;2023-02-01;18;0.0;1.024104118347168;0.0;2.8432974444242194;0.0;6.0
2023020206;2023-02-02;6;1.7925381660461426;3.3629003763198853;0.2221759557723999;5.182093702396937;0.0;7.0
2023020212;2023-02-02;12;1.1205021142959595;2.690864324569702;0.0;4.510057650646754;0.0;6.0
2023020218;2023-02-02;18;1.217452883720398;2.7878150939941406;0.0;4.6070084200711925;0.0;6.0
2023020306;2023-02-03;6;1.5239413976669312;3.094303607940674;0.0;4.913496934017726;0.0;4.0
2023020312;2023-02-03;12;0.270366907119751;1.8407291173934937;0.0;3.659922443470545;0.0;5.0
2023020318;2023-02-03;18;0.0;0.5833032131195068;0.0;2.4024965391965583;0.0;5.0
2023020406;2023-02-04;6;2.011507272720337;3.5818694829940796;0.44114506244659424;5.4010628090711315;0.0;6.0
2023020412;2023-02-04;12;1.0305490493774414;2.600911259651184;0.0;4.420104585728236;0.0;5.0
2023020418;2023-02-04;18;0.7428850531578064;2.313247263431549;0.0;4.132440589508601;0.0;7.0
2023020506;2023-02-05;6;1.5686086416244507;3.1389708518981934;0.0;4.958164177975245;0.0;7.0
2023020512;2023-02-05;12;0.4138668179512024;1.984229028224945;0.0;3.8034223543019965;0.0;5.0
2023020518;2023-02-05;18;0.0;1.0082561373710632;0.0;2.8274494634481147;0.0;4.0
2023020606;2023-02-06;6;2.3971776962280273;3.96753990650177;0.8268154859542847;5.786733232578822;0.0;6.0
2023020612;2023-02-06;12;1.8710322380065918;3.4413944482803345;0.3006700277328491;5.260587774357386;0.0;6.0
2023020618;2023-02-06;18;1.246072769165039;2.8164349794387817;0.0;4.635628305515834;0.0;5.0
2023020706;2023-02-07;6;1.8057050704956055;3.376067280769348;0.2353428602218628;5.1952606068464;0.0;6.0
2023020712;2023-02-07;12;1.904104232788086;3.4744664430618286;0.33374202251434326;5.2936597691388805;0.0;6.0
2023020718;2023-02-07;18;0.0;1.5649365792050958;0.0;3.384129905282147;0.0;5.0
2023020806;2023-02-08;6;1.340079426765442;2.9104416370391846;0.0;4.729634963116236;0.0;6.0
2023020812;2023-02-08;12;0.7585257887840271;2.3288879990577698;0.0;4.148081325134822;0.0;6.0
2023020818;2023-02-08;18;0.0;1.5508276373147964;0.0;3.370020963391848;0.0;6.0
2023020906;2023-02-09;6;1.8898988962173462;3.460261106491089;0.3195366859436035;5.279454432568141;0.0;5.0
2023020912;2023-02-09;12;1.2803936004638672;2.85075581073761;0.0;4.669949136814662;0.0;5.0
2023020918;2023-02-09;18;0.6004948019981384;2.170857012271881;0.0;3.9900503383489325;0.0;5.0
2023021006;2023-02-10;6;1.851494312286377;3.4218565225601196;0.2811321020126343;5.2410498486371715;0.0;6.0
2023021012;2023-02-10;12;1.0001400709152222;2.570502281188965;0.0;4.389695607266017;0.0;7.0
2023021018;2023-02-10;18;0.862010657787323;2.4323728680610657;0.0;4.2515661941381175;0.0;7.0
2023021106;2023-02-11;6;1.7093539237976074;3.27971613407135;0.13899171352386475;5.098909460148402;0.0;8.0
2023021112;2023-02-11;12;1.6357181072235107;3.2060803174972534;0.06535589694976807;5.025273643574305;0.0;7.0
2023021118;2023-02-11;18;0.3783815801143646;1.9487437903881073;0.0;3.7679371164651587;0.0;7.0
2023021206;2023-02-12;6;2.410806894302368;3.981169104576111;0.8404446840286255;5.800362430653163;0.0;6.0
2023021212;2023-02-12;12;1.6809483766555786;3.2513105869293213;0.11058616638183594;5.070503913006373;0.0;6.0
2023021218;2023-02-12;18;2.1210572719573975;3.69141948223114;0.5506950616836548;5.510612808308192;0.0;7.0
2023021306;2023-02-13;6;1.9689568281173706;3.5393190383911133;0.39859461784362793;5.358512364468165;0.0;7.0
2023021312;2023-02-13;12;2.0158591270446777;3.5862213373184204;0.44549691677093506;5.405414663395472;0.0;7.0
2023021318;2023-02-13;18;0.8084758520126343;2.378838062286377;0.0;4.198031388363429;0.0;7.0
2023021406;2023-02-14;6;1.495404839515686;3.0657670497894287;0.0;4.884960375866481;0.0;7.0
2023021412;2023-02-14;12;0.7547017335891724;2.325063943862915;0.0;4.144257269939967;0.0;5.0
2023021418;2023-02-14;18;0.26465749740600586;1.8350197076797485;0.0;3.6542130337568;0.0;5.0
2023021506;2023-02-15;6;0.4752085208892822;2.045570731163025;0.0;3.8647640572400763;0.0;7.0
2023021512;2023-02-15;12;0.49803975224494934;2.068401962518692;0.0;3.8875952885957434;0.0;6.0
2023021518;2023-02-15;18;0.0;0.7633879780769348;0.0;2.5825813041539862;0.0;6.0
2023021606;2023-02-16;6;0.7827666401863098;2.3531288504600525;0.0;4.172322176537104;0.0;7.0
2023021612;2023-02-16;12;0.44804316759109497;2.0184053778648376;0.0;3.837598703941889;0.0;7.0
2023021618;2023-02-16;18;0.0;1.040296494960785;0.0;2.8594898210378363;0.0;7.0
2023021706;2023-02-17;6;0.7966098785400391;2.3669720888137817;0.0;4.186165414890834;0.0;7.0
2023021712;2023-02-17;12;0.16121730208396912;1.7315795123577118;0.0;3.550772838434763;0.0;7.0
2023021718;2023-02-17;18;0.0;0.7118856906890869;0.0;2.5310790167661383;0.0;8.0
2023021806;2023-02-18;6;1.0873517990112305;2.657714009284973;0.0;4.476907335362025;0.0;7.0
2023021812;2023-02-18;12;0.6441953182220459;2.2145575284957886;0.0;4.03375085457284;0.0;6.0
2023021818;2023-02-18;18;0.0;1.382867693901062;0.0;3.2020610199781134;0.0;7.0
2023021906;2023-02-19;6;1.778712272644043;3.3490744829177856;0.2083500623703003;5.1682678089948375;0.0;7.0
2023021912;2023-02-19;12;1.8126829862594604;3.383045196533203;0.24232077598571777;5.202238522610255;0.0;8.0
2023021918;2023-02-19;18;0.8891533613204956;2.4595155715942383;0.0;4.27870889767129;0.0;8.0
2023022006;2023-02-20;6;1.5599156618118286;3.1302778720855713;0.0;4.949471198162623;0.0;8.0
2023022012;2023-02-20;12;0.5361036658287048;2.1064658761024475;0.0;3.925659202179499;0.0;6.0
2023022018;2023-02-20;18;0.0;0.5584486722946167;0.0;2.377641998371668;0.0;6.0
2023022106;2023-02-21;6;1.7186945676803589;3.2890567779541016;0.1483323574066162;5.108250104031153;0.0;8.0
2023022112;2023-02-21;12;1.1224027872085571;2.6927649974823;0.0;4.511958323559352;0.0;7.0
2023022118;2023-02-21;18;0.007214204408228397;1.577576414681971;0.0;3.3967697407590225;0.0;7.0
2023022206;2023-02-22;6;1.633842945098877;3.2042051553726196;0.06348073482513428;5.0233984814496715;0.0;8.0
2023022212;2023-02-22;12;0.7987300157546997;2.3690922260284424;0.0;4.188285552105494;0.0;6.0
2023022218;2023-02-22;18;0.4093013405799866;1.9796635508537292;0.0;3.7988568769307807;0.0;7.0
2023022306;2023-02-23;6;1.1068434715270996;2.6772056818008423;0.0;4.496399007877894;0.0;5.0
2023022312;2023-02-23;12;0.5906466841697693;2.161008894443512;0.0;3.9802022205205634;0.0;6.0
2023022318;2023-02-23;18;0.0;1.512581892311573;0.0;3.3317752183886244;0.0;7.0
2023022406;2023-02-24;6;0.6155117154121399;2.1858739256858826;0.0;4.005067251762934;0.0;6.0
2023022412;2023-02-24;12;0.0;0.7938244342803955;0.0;2.613017760357447;0.0;5.0
2023022418;2023-02-24;18;0.0;0.8759727478027344;0.0;2.695166073879786;0.0;6.0
2023022506;2023-02-25;6;1.2487565279006958;2.8191187381744385;0.0;4.63831206425149;0.0;7.0
2023022512;2023-02-25;12;0.0;1.4700201749801636;0.0;3.289213501057215;0.0;6.0
2023022518;2023-02-25;18;0.0;0.9955682754516602;0.0;2.8147616015287116;0.0;6.0
2023022606;2023-02-26;6;0.5086463093757629;2.0790085196495056;0.0;3.898201845726557;0.0;5.0
2023022612;2023-02-26;12;0.0;0.5234136581420898;0.0;2.3426069842191413;0.0;6.0
2023022618;2023-02-26;18;0.0;0.0;0.0;1.3427849636884406;0.0;6.0
2023022706;2023-02-27;6;0.0;0.9077345728874207;0.0;2.726927898964472;0.0;6.0
2023022712;2023-02-27;12;0.0;0.48429930210113525;0.0;2.3034926281781867;0.0;6.0
2023022718;2023-02-27;18;0.0;0.0;0.0;0.9629820214124396;0.0;5.0
2023022806;2023-02-28;6;0.211163729429245;1.7815259397029877;0.0;3.600719265780039;0.0;5.0
2023022812;2023-02-28;12;0.0;0.9673402905464172;0.0;2.7865336166234687;0.0;6.0
2023022818;2023-02-28;18;0.0;1.2236261367797852;0.0;3.0428194628568366;0.0;5.0
2023030106;2023-03-01;6;1.7190428972244263;3.289405107498169;0.1486806869506836;5.108598433575221;0.0;7.0
2023030112;2023-03-01;12;1.6324797868728638;3.2028419971466064;0.062117576599121094;5.022035323223658;0.0;6.0
2023030118;2023-03-01;18;0.0;1.4834188744425774;0.0;3.302612200519629;0.0;6.0
2023030206;2023-03-02;6;1.5555992126464844;3.125961422920227;0.0;4.945154748997279;0.0;7.0
2023030212;2023-03-02;12;0.8180378675460815;2.388400077819824;0.0;4.207593403896876;0.0;7.0
2023030218;2023-03-02;18;0.0;1.535520549863577;0.0;3.3547138759406283;0.0;5.0
2023030306;2023-03-03;6;1.2131767272949219;2.7835389375686646;0.0;4.602732263645716;0.0;7.0
2023030312;2023-03-03;12;0.6148625612258911;2.185224771499634;0.0;4.004418097576686;0.0;6.0
2023030318;2023-03-03;18;0.0;0.7083405256271362;0.0;2.5275338517041877;0.0;5.0
2023030406;2023-03-04;6;1.6385307312011719;3.2088929414749146;0.0681685209274292;5.028086267551966;0.0;5.0
2023030412;2023-03-04;12;0.0;1.1817546784877777;0.0;3.000948004564829;0.0;5.0
2023030418;2023-03-04;18;0.0;0.4215353727340698;0.0;2.2407286988111212;0.0;4.0
2023030506;2023-03-05;6;1.3020402193069458;2.8724024295806885;0.0;4.69159575565774;0.0;6.0
2023030512;2023-03-05;12;0.0;0.5010788440704346;0.0;2.320272170147486;0.0;4.0
2023030518;2023-03-05;18;0.0;0.17797183990478516;0.0;1.9971651659818366;0.0;4.0
2023030606;2023-03-06;6;0.9173206686973572;2.4876828789711;0.0;4.306876205048152;0.0;5.0
2023030612;2023-03-06;12;0.0;1.4995262548327446;0.0;3.318719580909796;0.0;6.0
2023030618;2023-03-06;18;0.0;0.6787886023521423;0.0;2.4979819284291938;0.0;6.0
2023030706;2023-03-07;6;0.7965658903121948;2.3669281005859375;0.0;4.186121426662989;0.0;5.0
2023030712;2023-03-07;12;0.0;1.3875580132007599;0.0;3.2067513392778113;0.0;5.0
2023030718;2023-03-07;18;0.0;0.0;0.0;1.3092013226361945;0.0;6.0
2023030806;2023-03-08;6;0.13246577978134155;1.7028279900550842;0.0;3.5220213161321356;0.0;5.0
2023030812;2023-03-08;12;0.0;0.7478232979774475;0.0;2.567016624054499;0.0;4.0
2023030818;2023-03-08;18;0.0;0.0;0.0;1.6542651282163336;0.0;5.0
2023030906;2023-03-09;6;0.49398013949394226;2.064342349767685;0.0;3.8835356758447364;0.0;4.0
2023030912;2023-03-09;12;0.0;0.2665365934371948;0.0;2.0857299195142462;0.0;4.0
2023030918;2023-03-09;18;0.0;0.0;0.0;1.661139689526148;0.0;6.0
2023031006;2023-03-10;6;0.5315080881118774;2.10187029838562;0.0;3.9210636244626715;0.0;6.0
2023031012;2023-03-10;12;0.0;1.003395915031433;0.0;2.8225892411084845;0.0;6.0
2023031018;2023-03-10;18;0.0;0.40935635566711426;0.0;2.2285496817441657;0.0;5.0
2023031106;2023-03-11;6;0.7899320125579834;2.360294222831726;0.0;4.179487548908778;0.0;7.0
2023031112;2023-03-11;12;0.0;1.30818372964859;0.0;3.1273770557256415;0.0;6.0
2023031118;2023-03-11;18;0.0;1.1467417776584625;0.0;2.965935103735514;0.0;4.0
2023031206;2023-03-12;6;1.7826007604599;3.3529629707336426;0.21223855018615723;5.172156296810694;0.0;4.0
2023031212;2023-03-12;12;0.0;1.5111120492219925;0.0;3.330305375299044;0.0;5.0
2023031218;2023-03-12;18;0.32349738478660583;1.8938595950603485;0.0;3.7130529211374;0.0;6.0
2023031306;2023-03-13;6;0.883567214012146;2.4539294242858887;0.0;4.2731227503629405;0.0;7.0
2023031312;2023-03-13;12;0.0;0.4286479949951172;0.0;2.2478413210721686;0.0;5.0
2023031318;2023-03-13;18;0.0;0.09342992305755615;0.0;1.9126232491346076;0.0;7.0
2023031406;2023-03-14;6;1.1815776824951172;2.75193989276886;0.0;4.571133218845912;0.0;7.0
2023031412;2023-03-14;12;0.5603798031806946;2.1307420134544373;0.0;3.9499353395314887;0.0;5.0
2023031418;2023-03-14;18;0.0;1.374066486954689;0.0;3.1932598130317404;0.0;6.0
2023031506;2023-03-15;6;0.8807471990585327;2.4511094093322754;0.0;4.270302735409327;0.0;7.0
2023031512;2023-03-15;12;0.7373539805412292;2.307716190814972;0.0;4.126909516892024;0.0;6.0
2023031518;2023-03-15;18;0.0;1.3576408177614212;0.0;3.1768341438384726;0.0;6.0
2023031606;2023-03-16;6;0.9859515428543091;2.5563137531280518;0.0;4.375507079205104;0.0;5.0
2023031612;2023-03-16;12;0.4741588830947876;2.0445210933685303;0.0;3.8637144194455817;0.0;6.0
2023031618;2023-03-16;18;0.1906147301197052;1.7609769403934479;0.0;3.5801702664704993;0.0;7.0
2023031706;2023-03-17;6;1.4746365547180176;3.0449987649917603;0.0;4.864192091068812;0.0;7.0
2023031712;2023-03-17;12;0.0;1.4211941212415695;0.0;3.240387447318621;0.0;6.0
2023031718;2023-03-17;18;0.0;0.6351469159126282;0.0;2.4543402419896796;0.0;6.0
2023031806;2023-03-18;6;0.21810761094093323;1.788469821214676;0.0;3.6076631472917273;0.0;7.0
2023031812;2023-03-18;12;0.0;1.4825050607323647;0.0;3.301698386809416;0.0;6.0
2023031818;2023-03-18;18;0.0;0.36859357357025146;0.0;2.187786899647303;0.0;7.0
2023031906;2023-03-19;6;0.0;1.3052100241184235;0.0;3.124403350195475;0.0;5.0
2023031912;2023-03-19;12;0.0;0.20516061782836914;0.0;2.0243539439054206;0.0;5.0
2023031918;2023-03-19;18;0.0;0.0;0.0;1.1506844387860968;0.0;5.0
2023032006;2023-03-20;6;1.082055926322937;2.6524181365966797;0.0;4.4716114626737316;0.0;4.0
2023032012;2023-03-20;12;0.09188400954008102;1.6622462198138237;0.0;3.481439545890875;0.0;5.0
2023032018;2023-03-20;18;0.017529215663671494;1.5878914259374142;0.0;3.4070847520144656;0.0;5.0
2023032106;2023-03-21;6;2.4980225563049316;4.068384766578674;0.927660346031189;5.887578092655726;0.0;5.0
2023032112;2023-03-21;12;0.0;1.3478216081857681;0.0;3.1670149342628195;0.0;4.0
2023032118;2023-03-21;18;0.8165877461433411;2.3869499564170837;0.0;4.206143282494136;0.0;5.0
2023032206;2023-03-22;6;0.7486955523490906;2.3190577626228333;0.0;4.138251088699885;0.0;5.0
2023032212;2023-03-22;12;0.0;0.5047712326049805;0.0;2.323964558682032;0.0;5.0
2023032218;2023-03-22;18;0.0;0.0;0.0;1.477408491215296;0.0;5.0
2023032306;2023-03-23;6;0.0;1.2524449527263641;0.0;3.0716382788034156;0.0;3.0
2023032312;2023-03-23;12;0.0;0.0;0.0;1.4886422978254035;0.0;4.0
2023032318;2023-03-23;18;0.0;0.12563669681549072;0.0;1.9448300228925421;0.0;3.0
2023032406;2023-03-24;6;0.2635931670665741;1.8339553773403168;0.0;3.653148703417368;0.0;5.0
2023032412;2023-03-24;12;0.0;0.0;0.0;0.8281088696332648;0.0;4.0
2023032418;2023-03-24;18;0.0;0.0;0.0;0.11830767258126285;0.0;5.0
2023032506;2023-03-25;6;0.0;1.195314735174179;0.0;3.0145080612512305;0.0;5.0
2023032512;2023-03-25;12;0.0;0.0;0.0;0.5240887032361701;0.0;3.0
2023032518;2023-03-25;18;0.0;0.0;0.0;1.3778608666272834;0.0;4.0
2023032606;2023-03-26;6;0.9264194965362549;2.4967817068099976;0.0;4.315975032887049;0.0;6.0
2023032612;2023-03-26;12;0.0070501165464520454;1.5774123268201947;0.0;3.396605652897246;0.0;6.0
2023032618;2023-03-26;18;0.0;1.073579728603363;0.0;2.8927730546804145;0.0;5.0
2023032706;2023-03-27;6;1.4798073768615723;3.050169587135315;0.0;4.869362913212367;0.0;5.0
2023032712;2023-03-27;12;0.0;0.8857904672622681;0.0;2.7049837933393195;0.0;5.0
2023032718;2023-03-27;18;0.0;1.4842985942959785;0.0;3.30349192037303;0.0;5.0
2023032806;2023-03-28;6;0.0;1.5120470747351646;0.0;3.331240400812216;0.0;3.0
2023032812;2023-03-28;12;0.0;0.0;0.0;0.7203780041547492;0.0;3.0
2023032818;2023-03-28;18;0.0;0.0;0.0;1.275020681461878;0.0;4.0
2023032906;2023-03-29;6;0.0;1.1037559807300568;0.0;2.922949306807108;0.0;4.0
2023032912;2023-03-29;12;0.0;0.0;0.0;1.1791468487592414;0.0;5.0
2023032918;2023-03-29;18;0.0;0.0;0.0;0.37694748505074527;0.0;4.0
2023033006;2023-03-30;6;0.0;1.4194789230823517;0.0;3.238672249159403;0.0;5.0
2023033012;2023-03-30;12;0.0;0.0;0.0;0.8352001534314826;0.0;5.0
2023033018;2023-03-30;18;0.0;0.0;0.0;0.10574515922982242;0.0;5.0
2023033106;2023-03-31;6;0.0;0.6458778381347656;0.0;2.465071164211817;0.0;4.0
2023033112;2023-03-31;12;0.0;0.0;0.0;0.41646488769967105;0.0;4.0
2023033118;2023-03-31;18;0.0;0.0;0.0;0.24512203796822574;0.0;5.0
2023040106;2023-04-01;6;0.0;1.4157984852790833;0.0;3.2349918113561347;0.0;5.0
2023040112;2023-04-01;12;0.0;0.07689523696899414;0.0;1.8960885630460456;0.0;4.0
2023040118;2023-04-01;18;0.0;0.0;0.0;1.5802727566571906;0.0;4.0
2023040206;2023-04-02;6;0.9307162165641785;2.501078426837921;0.0;4.320271752914973;0.0;4.0
2023040212;2023-04-02;12;0.0;0.0;0.0;0.6947882996411994;0.0;4.0
2023040218;2023-04-02;18;0.0;0.0;0.0;1.077327810368128;0.0;3.0
2023040306;2023-04-03;6;0.8948487639427185;2.465210974216461;0.0;4.284404300293513;0.0;5.0
2023040312;2023-04-03;12;0.0;0.0;0.0;1.2702611313672736;0.0;4.0
2023040318;2023-04-03;18;0.0;0.0;0.0;1.714387856564112;0.0;4.0
2023040406;2023-04-04;6;0.0;1.4817360118031502;0.0;3.3009293378802016;0.0;5.0
2023040412;2023-04-04;12;0.0;0.0;0.0;1.4520645962568;0.0;4.0
2023040418;2023-04-04;18;0.0;0.0;0.0;1.4380483256192877;0.0;4.0
2023040506;2023-04-05;6;0.11827737838029861;1.6886395886540413;0.0;3.5078329147310927;0.0;5.0
2023040512;2023-04-05;12;0.0;1.197087287902832;0.0;3.0162806139798835;0.0;6.0
2023040518;2023-04-05;18;0.0;0.4962942600250244;0.0;2.315487586102076;0.0;6.0
2023040606;2023-04-06;6;0.0;1.1487141847610474;0.0;2.967907510838099;0.0;6.0
2023040612;2023-04-06;12;0.0;0.0;0.0;1.425338588795252;0.0;4.0
2023040618;2023-04-06;18;0.0;0.0;0.0;0.7900939808698371;0.0;6.0
2023040706;2023-04-07;6;2.282197952270508;3.8525601625442505;0.7118357419967651;5.671753488621302;0.0;5.0
2023040712;2023-04-07;12;0.7333885431289673;2.30375075340271;0.0;4.122944079479762;0.0;4.0
2023040718;2023-04-07;18;1.8227932453155518;3.3931554555892944;0.2524310350418091;5.212348781666346;0.0;5.0
2023040806;2023-04-08;6;1.7370319366455078;3.3073941469192505;0.16666972637176514;5.126587472996302;0.0;6.0
2023040812;2023-04-08;12;0.0;1.097992867231369;0.0;2.9171861933084204;0.0;6.0
2023040818;2023-04-08;18;0.826156497001648;2.3965187072753906;0.0;4.2157120333524425;0.0;6.0
2023040906;2023-04-09;6;0.13084420561790466;1.7012064158916473;0.0;3.5203997419686988;0.0;4.0
2023040912;2023-04-09;12;0.0;0.0;0.0;1.741293750843592;0.0;5.0
2023040918;2023-04-09;18;0.0;0.0;0.0;0.6692021714063361;0.0;5.0
2023041006;2023-04-10;6;0.0;0.542312502861023;0.0;2.3615058289380744;0.0;5.0
2023041012;2023-04-10;12;0.0;0.0;0.0;1.3748138771863654;0.0;5.0
2023041018;2023-04-10;18;0.0;0.0;0.0;1.0175877438398078;0.0;5.0
2023041106;2023-04-11;6;0.1901436746120453;1.760505884885788;0.0;3.5796992109628394;0.0;5.0
2023041112;2023-04-11;12;0.0;0.7337115406990051;0.0;2.5529048667760565;0.0;4.0
2023041118;2023-04-11;18;0.0;0.0;0.0;1.7063395605893805;0.0;4.0
2023041206;2023-04-12;6;0.5132206082344055;2.083582818508148;0.0;3.9027761445851996;0.0;5.0
2023041212;2023-04-12;12;0.0;0.9056538343429565;0.0;2.724847160420008;0.0;5.0
2023041218;2023-04-12;18;0.0;0.48170530796051025;0.0;2.3008986340375617;0.0;5.0
2023041306;2023-04-13;6;1.1482487916946411;2.718611001968384;0.0;4.537804328045436;0.0;5.0
2023041312;2023-04-13;12;0.0;0.3949364423751831;0.0;2.2141297684522345;0.0;5.0
2023041318;2023-04-13;18;0.0;0.0;0.0;1.5498907194944098;0.0;6.0
2023041406;2023-04-14;6;0.4841069281101227;2.0544691383838654;0.0;3.8736624644609168;0.0;6.0
2023041412;2023-04-14;12;0.0;0.0;0.0;1.6586509571881964;0.0;3.0
2023041418;2023-04-14;18;0.0;0.0;0.0;1.0148998127790168;0.0;4.0
2023041506;2023-04-15;6;0.0;0.9889946579933167;0.0;2.808187984070368;0.0;3.0
2023041512;2023-04-15;12;0.0;0.0;0.0;0.8444918022962287;0.0;3.0
2023041518;2023-04-15;18;0.0;0.0;0.0;0.5422831402631476;0.0;3.0
2023041606;2023-04-16;6;0.3116583824157715;1.8820205926895142;0.0;3.7012139187665656;0.0;5.0
2023041612;2023-04-16;12;0.0;0.18140685558319092;0.0;2.0006001816602423;0.0;4.0
2023041618;2023-04-16;18;0.0;0.0;0.0;1.6677597390027716;0.0;5.0
2023041706;2023-04-17;6;0.0;1.002036213874817;0.0;2.8212295399518683;0.0;5.0
2023041712;2023-04-17;12;0.0;0.0;0.0;1.142292343220301;0.0;4.0
2023041718;2023-04-17;18;0.0;0.0;0.0;0.9495721684308722;0.0;4.0
2023041806;2023-04-18;6;0.0;0.30991947650909424;0.0;2.1291128025861457;0.0;3.0
2023041812;2023-04-18;12;0.0;0.0;0.0;0.4253073559613898;0.0;3.0
2023041818;2023-04-18;18;0.0;0.0;0.0;0.20930989845711734;0.0;3.0
2023041906;2023-04-19;6;0.0;0.04567289352416992;0.0;1.8648662196012213;0.0;3.0
2023041912;2023-04-19;12;0.0;0.0;0.0;0.08922346695382144;0.0;3.0
2023041918;2023-04-19;18;0.0;0.0;0.0;0.19243033989388492;0.0;3.0
2023042006;2023-04-20;6;0.0;0.17482328414916992;0.0;1.9940166102262213;0.0;4.0
2023042012;2023-04-20;12;0.0;0.0;0.0;0.6558428631635382;0.0;3.0
2023042018;2023-04-20;18;0.0;0.0;0.0;0.6310239659162238;0.0;3.0
2023042106;2023-04-21;6;0.0;1.3143208026885986;0.0;3.13351412876565;0.0;3.0
2023042112;2023-04-21;12;0.0;0.0;0.0;1.2270325051160529;0.0;3.0
2023042118;2023-04-21;18;0.0;0.0;0.0;1.4687221871228888;0.0;2.0
2023042206;2023-04-22;6;0.0;1.357250452041626;0.0;3.1764437781186774;0.0;3.0
2023042212;2023-04-22;12;0.0;0.0;0.0;0.5280292855115607;0.0;3.0
2023042218;2023-04-22;18;0.0;0.0;0.0;0.2657616959424689;0.0;4.0
2023042306;2023-04-23;6;0.0;0.3911818265914917;0.0;2.210375152668543;0.0;3.0
2023042312;2023-04-23;12;0.0;0.0;0.0;0.0;0.0;2.0
2023042318;2023-04-23;18;0.0;0.0;0.0;0.9306066857190802;0.0;2.0
2023042406;2023-04-24;6;0.0;0.6267053484916687;0.0;2.44589867456872;0.0;2.0
2023042412;2023-04-24;12;0.0;0.0;0.0;0.15885361298043277;0.0;2.0
2023042418;2023-04-24;18;0.0;0.0;0.0;0.217483125767298;0.0;2.0
2023042506;2023-04-25;6;0.0;0.291465163230896;0.0;2.1106584893079474;0.0;2.0
2023042512;2023-04-25;12;0.0;0.0;0.0;0.0;0.0;3.0
2023042518;2023-04-25;18;0.0;0.0;0.0;0.361828886112757;0.0;3.0
2023042606;2023-04-26;6;0.0;0.07639241218566895;0.0;1.8955857382627204;0.0;3.0
2023042612;2023-04-26;12;0.0;0.0;0.0;0.0;0.0;2.0
2023042618;2023-04-26;18;0.0;0.0;0.0;0.0;0.0;3.0
2023042706;2023-04-27;6;0.0;0.67671799659729;0.0;2.4959113226743415;0.0;4.0
2023042712;2023-04-27;12;0.0;0.0;0.0;1.4852600918622687;0.0;4.0
2023042718;2023-04-27;18;0.0;0.0;0.0;1.1265414582105353;0.0;5.0
2023042806;2023-04-28;6;0.0;0.0;0.0;1.6169108973355963;0.0;4.0
2023042812;2023-04-28;12;0.0;0.0;0.0;0.0;0.0;3.0
2023042818;2023-04-28;18;0.0;0.0;0.0;0.0;0.0;3.0
2023042906;2023-04-29;6;0.0;0.0;0.0;1.0963517056318;0.0;3.0
2023042912;2023-04-29;12;0.0;0.0;0.0;0.0;0.0;3.0
2023042918;2023-04-29;18;0.0;0.0;0.0;0.0;0.0;4.0
2023043006;2023-04-30;6;0.0;0.34779536724090576;0.0;2.166988693317957;0.0;4.0
2023043012;2023-04-30;12;0.0;0.0;0.0;0.0;0.0;4.0
2023043018;2023-04-30;18;0.0;0.0;0.0;0.12940295799691226;0.0;5.0
2023050106;2023-05-01;6;0.0;1.210332602262497;0.0;3.0295259283395484;0.0;4.0
2023050112;2023-05-01;12;0.0;0.0;0.0;1.4488612042279914;0.0;4.0
2023050118;2023-05-01;18;0.0;0.0;0.0;0.7277885304303839;0.0;4.0
2023050206;2023-05-02;6;0.2805820107460022;1.8509442210197449;0.0;3.6701375470967963;0.0;5.0
2023050212;2023-05-02;12;0.0;0.0;0.0;1.653460703930445;0.0;3.0
2023050218;2023-05-02;18;0.0;0.39646995067596436;0.0;2.2156632767530158;0.0;3.0
2023050306;2023-05-03;6;0.0;1.3420555740594864;0.0;3.161248900136538;0.0;4.0
2023050312;2023-05-03;12;0.0;0.5378512144088745;0.0;2.357044540485926;0.0;3.0
2023050318;2023-05-03;18;0.0;0.4198131561279297;0.0;2.239006482204981;0.0;4.0
2023050406;2023-05-04;6;0.0;0.3864614963531494;0.0;2.205654822430201;0.0;4.0
2023050412;2023-05-04;12;0.0;0.0;0.0;1.6813006029935553;0.0;4.0
2023050418;2023-05-04;18;0.0;0.0;0.0;0.6484933720441535;0.0;2.0
2023050506;2023-05-05;6;0.0;0.3026297092437744;0.0;2.121823035320826;0.0;3.0
2023050512;2023-05-05;12;0.0;0.0;0.0;1.680701218685694;0.0;4.0
2023050518;2023-05-05;18;0.0;0.0;0.0;0.8651359902234748;0.0;3.0
2023050606;2023-05-06;6;0.0;1.3741979002952576;0.0;3.193391226372309;0.0;4.0
2023050612;2023-05-06;12;0.0;0.0;0.0;0.9530344830365851;0.0;4.0
2023050618;2023-05-06;18;0.0;0.0;0.0;1.296645723423548;0.0;3.0
2023050706;2023-05-07;6;0.0;1.3707677870988846;0.0;3.189961113175936;0.0;4.0
2023050712;2023-05-07;12;0.0;0.0;0.0;1.6603017674298957;0.0;4.0
2023050718;2023-05-07;18;0.0;0.0;0.0;1.5395084248395636;0.0;5.0
2023050806;2023-05-08;6;0.05130936577916145;1.6216715760529041;0.0;3.4408649021299555;0.0;4.0
2023050812;2023-05-08;12;0.0;0.38211894035339355;0.0;2.201312266430445;0.0;4.0
2023050818;2023-05-08;18;0.0;0.39415407180786133;0.0;2.2133473978849127;0.0;4.0
2023050906;2023-05-09;6;0.0;1.238240659236908;0.0;3.0574339853139594;0.0;3.0
2023050912;2023-05-09;12;0.0;0.0;0.0;1.0931039677472785;0.0;3.0
2023050918;2023-05-09;18;0.0;0.0;0.0;1.030938469013758;0.0;3.0
2023051006;2023-05-10;6;0.0;0.726181149482727;0.0;2.5453744755597785;0.0;3.0
2023051012;2023-05-10;12;0.0;0.0;0.0;1.0941112862439826;0.0;3.0
2023051018;2023-05-10;18;0.0;0.0;0.0;0.9130872116895392;0.0;3.0
2023051106;2023-05-11;6;1.088723063468933;2.659085273742676;0.0;4.478278599819728;0.0;4.0
2023051112;2023-05-11;12;0.0;0.3736203908920288;0.0;2.1928137169690802;0.0;4.0
2023051118;2023-05-11;18;0.0;0.7079014778137207;0.0;2.527094803890772;0.0;4.0
2023051206;2023-05-12;6;0.0;0.8224324584007263;0.0;2.6416257844777777;0.0;2.0
2023051212;2023-05-12;12;0.0;0.3364744186401367;0.0;2.155667744717188;0.0;3.0
2023051218;2023-05-12;18;0.0;0.40023088455200195;0.0;2.2194242106290534;0.0;5.0
2023051306;2023-05-13;6;0.0;0.5309658050537109;0.0;2.3501591311307624;0.0;4.0
2023051312;2023-05-13;12;0.0;0.0;0.0;1.171584926685877;0.0;3.0
2023051318;2023-05-13;18;0.0;0.0;0.0;0.8188749180646613;0.0;3.0
2023051406;2023-05-14;6;0.07147681713104248;1.6418390274047852;0.0;3.4610323534818366;0.0;4.0
2023051412;2023-05-14;12;0.0;0.3346827030181885;0.0;2.15387602909524;0.0;4.0
2023051418;2023-05-14;18;0.0;1.0491833686828613;0.0;2.8683766947599127;0.0;5.0
2023051506;2023-05-15;6;0.0;1.3030494153499603;0.0;3.1222427414270117;0.0;5.0
2023051512;2023-05-15;12;0.0;0.44452691078186035;0.0;2.2637202368589118;0.0;4.0
2023051518;2023-05-15;18;0.0;0.6864771246910095;0.0;2.505670450768061;0.0;5.0
2023051606;2023-05-16;6;0.0;1.0789134502410889;0.0;2.8981067763181403;0.0;6.0
2023051612;2023-05-16;12;0.0;0.7705885171890259;0.0;2.5897818432660773;0.0;6.0
2023051618;2023-05-16;18;0.0;0.4186457395553589;0.0;2.2378390656324103;0.0;7.0
2023051706;2023-05-17;6;0.0;1.1618890464305878;0.0;2.981082372507639;0.0;7.0
2023051712;2023-05-17;12;0.0;1.1587523519992828;0.0;2.9779456780763343;0.0;6.0
2023051718;2023-05-17;18;0.0;0.6052317023277283;0.0;2.4244250284047797;0.0;6.0
2023051806;2023-05-18;6;0.026736069470643997;1.5970982797443867;0.0;3.416291605821438;0.0;6.0
2023051812;2023-05-18;12;0.0;0.6533502340316772;0.0;2.4725435601087287;0.0;5.0
2023051818;2023-05-18;18;0.0;0.8379764556884766;0.0;2.657169781765528;0.0;4.0
2023051906;2023-05-19;6;0.0;0.0;0.0;1.2682429180951789;0.0;3.0
2023051912;2023-05-19;12;0.0;0.0;0.0;0.6830261574598029;0.0;5.0
2023051918;2023-05-19;18;0.0;0.0;0.0;1.1026035176130011;0.0;5.0
2023052006;2023-05-20;6;0.11359357088804245;1.6839557811617851;0.0;3.5031491072388365;0.0;5.0
2023052012;2023-05-20;12;0.0;0.0;0.0;1.7886544094892218;0.0;4.0
2023052018;2023-05-20;18;0.0;0.7523565292358398;0.0;2.5715498553128913;0.0;3.0
2023052106;2023-05-21;6;0.0;0.5877388715744019;0.0;2.4069321976514533;0.0;4.0
2023052112;2023-05-21;12;0.0;0.0;0.0;1.5410471783490851;0.0;5.0
2023052118;2023-05-21;18;0.0;0.3624662160873413;0.0;2.1816595421643927;0.0;4.0
2023052206;2023-05-22;6;0.677250325679779;2.2476125359535217;0.0;4.066805862030574;0.0;4.0
2023052212;2023-05-22;12;0.041166406124830246;1.611528616398573;0.0;3.4307219424756243;0.0;5.0
2023052218;2023-05-22;18;0.34690433740615845;1.9172665476799011;0.0;3.7364598737569525;0.0;5.0
2023052306;2023-05-23;6;0.0;0.7860451936721802;0.0;2.6052385197492316;0.0;5.0
2023052312;2023-05-23;12;0.0;0.0;0.0;1.2113757954450324;0.0;5.0
2023052318;2023-05-23;18;0.0;0.0;0.0;1.4259714709134772;0.0;4.0
2023052406;2023-05-24;6;0.0;0.0;0.0;0.9968665467115119;0.0;3.0
2023052412;2023-05-24;12;0.0;0.0;0.0;0.44930418594796206;0.0;4.0
2023052418;2023-05-24;18;0.0;0.0;0.0;0.3945482598157599;0.0;5.0
2023052506;2023-05-25;6;0.0;1.2477229535579681;0.0;3.0669162796350196;0.0;4.0
2023052512;2023-05-25;12;0.0;0.27673983573913574;0.0;2.095933161816187;0.0;3.0
2023052518;2023-05-25;18;0.0;1.0068820118904114;0.0;2.826075337967463;0.0;4.0
2023052606;2023-05-26;6;0.16727815568447113;1.7376403659582138;0.0;3.5568336920352652;0.0;3.0
2023052612;2023-05-26;12;0.0;0.7459244728088379;0.0;2.5651177988858893;0.0;5.0
2023052618;2023-05-26;18;0.9251457452774048;2.4955079555511475;0.0;4.314701281628199;0.0;6.0
2023052706;2023-05-27;6;0.0;0.7183262705802917;0.0;2.537519596657343;0.0;6.0
2023052712;2023-05-27;12;0.0;0.0;0.0;1.2915829048963263;0.0;6.0
2023052718;2023-05-27;18;0.0;0.018324851989746094;0.0;1.8375181780667975;0.0;5.0
2023052806;2023-05-28;6;0.30538123846054077;1.8757434487342834;0.0;3.694936774811335;0.0;5.0
2023052812;2023-05-28;12;0.0;0.5730403661727905;0.0;2.392233692249842;0.0;4.0
2023052818;2023-05-28;18;0.2466852217912674;1.81704743206501;0.0;3.6362407581420615;0.0;5.0
2023052906;2023-05-29;6;0.0;0.3287925720214844;0.0;2.147985898098536;0.0;5.0
2023052912;2023-05-29;12;0.0;0.0;0.0;1.3632083760114386;0.0;4.0
2023052918;2023-05-29;18;0.0;0.0;0.0;1.7898338662000373;0.0;4.0
2023053006;2023-05-30;6;0.0;1.41035857796669;0.0;3.2295519040437415;0.0;5.0
2023053012;2023-05-30;12;0.0;0.38872551918029785;0.0;2.2079188452573493;0.0;4.0
2023053018;2023-05-30;18;0.0;0.9640547037124634;0.0;2.783248029789515;0.0;5.0
2023053106;2023-05-31;6;2.45330548286438;4.023667693138123;0.8829432725906372;5.842861019215174;0.0;5.0
2023053112;2023-05-31;12;2.4741241931915283;4.044486403465271;0.9037619829177856;5.863679729542323;0.0;5.0
2023053118;2023-05-31;18;3.4316649436950684;5.002027153968811;1.8613027334213257;6.821220480045863;0.04210940734427426;5.0
2023060106;2023-06-01;6;0.0;0.7903444170951843;0.0;2.6095377431722357;0.0;4.0
2023060112;2023-06-01;12;0.0;0.30616652965545654;0.0;2.125359855732508;0.0;4.0
2023060118;2023-06-01;18;0.0;0.0;0.0;1.365784250340052;0.0;3.0
2023060206;2023-06-02;6;0.0;0.0;0.0;1.7658601628156378;0.0;3.0
2023060212;2023-06-02;12;0.0;0.0;0.0;1.194618545612879;0.0;3.0
2023060218;2023-06-02;18;0.0;0.0;0.0;1.2032276020856574;0.0;3.0
2023060306;2023-06-03;6;0.0;0.466794490814209;0.0;2.2859878168912604;0.0;4.0
2023060312;2023-06-03;12;0.0;0.34057915210723877;0.0;2.15977247818429;0.0;4.0
2023060318;2023-06-03;18;0.0;0.0;0.0;1.558525048336573;0.0;4.0
2023060406;2023-06-04;6;0.22191262245178223;1.792274832725525;0.0;3.6114681588025763;0.0;5.0
2023060412;2023-06-04;12;0.0;0.6735673546791077;0.0;2.492760680756159;0.0;3.0
2023060418;2023-06-04;18;0.0;0.5404411554336548;0.0;2.359634481510706;0.0;3.0
2023060506;2023-06-05;6;2.477240800857544;4.047603011131287;0.9068785905838013;5.8667963372083385;0.0;4.0
2023060512;2023-06-05;12;1.9085074663162231;3.478869676589966;0.33814525604248047;5.298063002667018;0.0;4.0
2023060518;2023-06-05;18;2.640824556350708;4.211186766624451;1.0704623460769653;6.0303800927015025;0.0;3.0
2023060606;2023-06-06;6;0.2996659576892853;1.870028167963028;0.0;3.6892214940400794;0.0;4.0
2023060612;2023-06-06;12;0.0;0.2704589366912842;0.0;2.0896522627683356;0.0;3.0
2023060618;2023-06-06;18;0.0;0.7152397036552429;0.0;2.5344330297322943;0.0;5.0
2023060706;2023-06-07;6;0.6512926816940308;2.2216548919677734;0.0;4.040848218044825;0.0;4.0
2023060712;2023-06-07;12;0.0;0.8832687139511108;0.0;2.7024620400281623;0.0;5.0
2023060718;2023-06-07;18;0.0;0.7284241914749146;0.0;2.547617517551966;0.0;4.0
2023060806;2023-06-08;6;1.3817687034606934;2.952130913734436;0.0;4.771324239811488;0.0;3.0
2023060812;2023-06-08;12;0.058130476623773575;1.6284926868975163;0.0;3.4476860129745677;0.0;3.0
2023060818;2023-06-08;18;1.5040236711502075;3.07438588142395;0.0;4.893579207501002;0.0;3.0
2023060906;2023-06-09;6;0.0;1.1997498273849487;0.0;3.018943153462;0.0;3.0
2023060912;2023-06-09;12;0.0;0.0;0.0;1.6257065163465216;0.0;4.0
2023060918;2023-06-09;18;0.0;0.007151603698730469;0.0;1.826344929775782;0.0;3.0
2023061006;2023-06-10;6;0.0;0.3496227264404297;0.0;2.168816052517481;0.0;4.0
2023061012;2023-06-10;12;0.0;0.0;0.0;1.4592334853025153;0.0;2.0
2023061018;2023-06-10;18;0.0;0.0;0.0;1.245923362812586;0.0;3.0
2023061106;2023-06-11;6;1.1821701526641846;2.7525323629379272;0.0;4.571725689014979;0.0;3.0
2023061112;2023-06-11;12;0.0;1.397557869553566;0.0;3.2167511956306174;0.0;3.0
2023061118;2023-06-11;18;1.5570687055587769;3.1274309158325195;0.0;4.946624241909571;0.0;3.0
2023061206;2023-06-12;6;0.0;0.33854901790618896;0.0;2.1577423439832404;0.0;3.0
2023061212;2023-06-12;12;0.0;0.3623391389846802;0.0;2.1815324650617316;0.0;5.0
2023061218;2023-06-12;18;0.0;0.17703461647033691;0.0;1.9962279425473883;0.0;5.0
2023061306;2023-06-13;6;0.0;0.7598305344581604;0.0;2.579023860535212;0.0;6.0
2023061312;2023-06-13;12;0.0;0.07380139827728271;0.0;1.8929947243543341;0.0;5.0
2023061318;2023-06-13;18;0.0;0.6478675603866577;0.0;2.467060886463709;0.0;2.0
2023061406;2023-06-14;6;0.0;0.6702565550804138;0.0;2.4894498811574652;0.0;2.0
2023061412;2023-06-14;12;0.0;0.0;0.0;1.8149847613187506;0.0;4.0
2023061418;2023-06-14;18;0.0;0.0;0.0;1.8127629385801032;0.0;5.0
2023061506;2023-06-15;6;0.0;1.2054066956043243;0.0;3.0246000216813758;0.0;3.0
2023061512;2023-06-15;12;0.0;0.0;0.0;1.7519483195157721;0.0;5.0
2023061518;2023-06-15;18;0.0;0.5657469034194946;0.0;2.384940229496546;0.0;5.0
2023061606;2023-06-16;6;1.2594085931777954;2.829770803451538;0.0;4.64896412952859;0.0;5.0
2023061612;2023-06-16;12;0.0072433436289429665;1.5776055539026856;0.0;3.396798879979737;0.0;4.0
2023061618;2023-06-16;18;1.7073739767074585;3.277736186981201;0.13701176643371582;5.096929513058253;0.0;5.0
2023061706;2023-06-17;6;0.0;0.2919565439224243;0.0;2.1111498699994757;0.0;3.0
2023061712;2023-06-17;12;0.0;0.0;0.0;0.851523481449671;0.0;4.0
2023061718;2023-06-17;18;0.0;0.0;0.0;1.388498865208216;0.0;5.0
2023061806;2023-06-18;6;0.0;1.0433582663536072;0.0;2.8625515924306586;0.0;5.0
2023061812;2023-06-18;12;0.0;0.0;0.0;1.7302766667218878;0.0;4.0
2023061818;2023-06-18;18;0.0;0.0;0.0;1.7402895317884162;0.0;6.0
2023061906;2023-06-19;6;0.0;0.21077167987823486;0.0;2.0299650059552863;0.0;5.0
2023061912;2023-06-19;12;0.0;0.0;0.0;1.5177096949430182;0.0;4.0
2023061918;2023-06-19;18;0.0;0.15619635581970215;0.0;1.9753896818967536;0.0;5.0
2023062006;2023-06-20;6;0.0;0.6598930954933167;0.0;2.479086421570368;0.0;2.0
2023062012;2023-06-20;12;0.0;0.0;0.0;1.496785842022486;0.0;5.0
2023062018;2023-06-20;18;0.0;0.2567845582962036;0.0;2.075977884373255;0.0;4.0
2023062106;2023-06-21;6;0.8337512016296387;2.4041134119033813;0.0;4.223306737980433;0.0;4.0
2023062112;2023-06-21;12;0.49226757884025574;2.0626297891139984;0.0;3.88182311519105;0.0;5.0
2023062118;2023-06-21;18;1.825621485710144;3.3959836959838867;0.25525927543640137;5.215177022060939;0.0;4.0
2023062206;2023-06-22;6;0.1476820409297943;1.718044251203537;0.0;3.5372375772805884;0.0;4.0
2023062212;2023-06-22;12;0.38841789960861206;1.9587801098823547;0.0;3.777973435959406;0.0;3.0
2023062218;2023-06-22;18;1.5672014951705933;3.137563705444336;0.0;4.956757031521388;0.0;4.0
2023062306;2023-06-23;6;0.0;0.08029496669769287;0.0;1.8994882927747443;0.0;4.0
2023062312;2023-06-23;12;0.0;0.0;0.0;0.7793858872266486;0.0;4.0
2023062318;2023-06-23;18;0.0;0.0;0.0;1.5378018246503546;0.0;4.0
2023062406;2023-06-24;6;0.0;0.5974172353744507;0.0;2.416610561451502;0.0;3.0
2023062412;2023-06-24;12;0.0;0.0;0.0;0.98476084335763;0.0;4.0
2023062418;2023-06-24;18;0.0;0.021881699562072754;0.0;1.8410750256391242;0.0;2.0
2023062506;2023-06-25;6;0.0;1.4683667197823524;0.0;3.287560045859404;0.0;4.0
2023062512;2023-06-25;12;0.0;0.5824849605560303;0.0;2.4016782866330817;0.0;4.0
2023062518;2023-06-25;18;0.061047688126564026;1.6314098984003067;0.0;3.450603224477358;0.0;4.0
2023062606;2023-06-26;6;0.04576539993286133;1.616127610206604;0.0;3.4353209362836554;0.0;5.0
2023062612;2023-06-26;12;0.0;1.117914468050003;0.0;2.9371077941270545;0.0;5.0
2023062618;2023-06-26;18;0.1444535106420517;1.7148157209157944;0.0;3.534009046992846;0.0;5.0
2023062706;2023-06-27;6;0.0;0.6460779309272766;0.0;2.465271257004328;0.0;4.0
2023062712;2023-06-27;12;0.0;0.0;0.0;0.9833126889081671;0.0;4.0
2023062718;2023-06-27;18;0.0;0.13930344581604004;0.0;1.9584967718930915;0.0;4.0
2023062806;2023-06-28;6;0.0;0.3636744022369385;0.0;2.18286772831399;0.0;4.0
2023062812;2023-06-28;12;0.0;0.0;0.0;1.0694857464643195;0.0;5.0
2023062818;2023-06-28;18;0.0;0.0;0.0;1.0311683045240119;0.0;5.0
2023062906;2023-06-29;6;0.0;0.0;0.0;1.6617246495099738;0.0;4.0
2023062912;2023-06-29;12;0.0;0.0;0.0;0.029591880878992338;0.0;4.0
2023062918;2023-06-29;18;0.0;0.0;0.0;0.8534959183545783;0.0;5.0
2023063006;2023-06-30;6;0.0;0.0;0.0;1.7134910450788214;0.0;4.0
2023063012;2023-06-30;12;0.0;0.0;0.0;0.4995084629865363;0.0;5.0
2023063018;2023-06-30;18;0.0;0.0;0.0;0.6962755547376349;0.0;5.0
2023070106;2023-07-01;6;0.0;1.2506718337535858;0.0;3.0698651598306372;0.0;4.0
2023070112;2023-07-01;12;0.0;0.0;0.0;1.7712300644727423;0.0;3.0
2023070118;2023-07-01;18;0.0;0.43595659732818604;0.0;2.2551499234052375;0.0;4.0
2023070206;2023-07-02;6;1.4298131465911865;3.000175356864929;0.0;4.819368682941981;0.0;3.0
2023070212;2023-07-02;12;0.5380589962005615;2.108421206474304;0.0;3.9276145325513556;0.0;3.0
2023070218;2023-07-02;18;1.4212568998336792;2.991619110107422;0.0;4.810812436184474;0.0;3.0
2023070306;2023-07-03;6;0.0;0.7248805165290833;0.0;2.5440738426061347;0.0;3.0
2023070312;2023-07-03;12;0.0;0.0;0.0;1.7813340054364875;0.0;3.0
2023070318;2023-07-03;18;0.0;0.8547495007514954;0.0;2.673942826828547;0.0;2.0
2023070406;2023-07-04;6;0.0;1.1117051243782043;0.0;2.9308984504552558;0.0;3.0
2023070412;2023-07-04;12;0.0;0.4486508369445801;0.0;2.2678441630216315;0.0;3.0
2023070418;2023-07-04;18;0.0;1.3165181577205658;0.0;3.135711483797617;0.0;3.0
2023070506;2023-07-05;6;0.2757725715637207;1.8461347818374634;0.0;3.665328107914515;0.0;4.0
2023070512;2023-07-05;12;0.0;1.3973608314990997;0.0;3.216554157576151;0.0;4.0
2023070518;2023-07-05;18;0.24082666635513306;1.8111888766288757;0.0;3.630382202705927;0.0;5.0
2023070606;2023-07-06;6;0.0;0.11238741874694824;0.0;1.9315807448239997;0.0;4.0
2023070612;2023-07-06;12;0.0;0.0;0.0;1.5962843523832038;0.0;3.0
2023070618;2023-07-06;18;0.0;0.30187344551086426;0.0;2.1210667715879157;0.0;5.0
2023070706;2023-07-07;6;0.0;1.3781534135341644;0.0;3.197346739611216;0.0;4.0
2023070712;2023-07-07;12;0.0;0.4116840362548828;0.0;2.2308773623319342;0.0;3.0
2023070718;2023-07-07;18;0.03299202397465706;1.6033542342483997;0.0;3.422547560325451;0.0;5.0
2023070806;2023-07-08;6;1.203520655632019;2.7738828659057617;0.0;4.593076191982814;0.0;4.0
2023070812;2023-07-08;12;0.680343508720398;2.2507057189941406;0.0;4.0698990450711925;0.0;5.0
2023070818;2023-07-08;18;1.3734130859375;2.9437752962112427;0.0;4.7629686222882945;0.0;4.0
2023070906;2023-07-09;6;0.6681545376777649;2.2385167479515076;0.0;4.057710074028559;0.0;3.0
2023070912;2023-07-09;12;0.0;1.2181085348129272;0.0;3.0373018608899787;0.0;4.0
2023070918;2023-07-09;18;1.463265061378479;3.0336272716522217;0.0;4.8528205977292735;0.0;4.0
2023071006;2023-07-10;6;0.0;0.9650065898895264;0.0;2.784199915966578;0.0;3.0
2023071012;2023-07-10;12;0.0;0.186609148979187;0.0;2.0058024750562384;0.0;4.0
2023071018;2023-07-10;18;0.0;1.5156153067946434;0.0;3.334808632871695;0.0;4.0
2023071106;2023-07-11;6;0.0;1.5167819634079933;0.0;3.3359752894850447;0.0;4.0
2023071112;2023-07-11;12;0.0;0.1668405532836914;0.0;1.9860338793607428;0.0;3.0
2023071118;2023-07-11;18;0.0;1.1080594062805176;0.0;2.927252732357569;0.0;5.0
2023071206;2023-07-12;6;0.170252725481987;1.7406149357557297;0.0;3.559808261832781;0.0;3.0
2023071212;2023-07-12;12;0.0;0.44004905223846436;0.0;2.2592423783155158;0.0;3.0
2023071218;2023-07-12;18;0.0;1.4054346084594727;0.0;3.224627934536524;0.0;4.0
2023071306;2023-07-13;6;0.6973211169242859;2.2676833271980286;0.0;4.08687665327508;0.0;5.0
2023071312;2023-07-13;12;0.0;1.1806032061576843;0.0;2.9997965322347357;0.0;5.0
2023071318;2023-07-13;18;1.3461781740188599;2.9165403842926025;0.0;4.735733710369654;0.0;4.0
2023071406;2023-07-14;6;0.33055663108825684;1.9009188413619995;0.0;3.720112167439051;0.0;2.0
2023071412;2023-07-14;12;0.1480938047170639;1.7184560149908066;0.0;3.537649341067858;0.0;4.0
2023071418;2023-07-14;18;1.3252949714660645;2.895657181739807;0.0;4.714850507816859;0.0;3.0
2023071506;2023-07-15;6;0.0;1.3280789256095886;0.0;3.14727225168664;0.0;4.0
2023071512;2023-07-15;12;0.0;0.0;0.0;1.5880244599195197;0.0;4.0
2023071518;2023-07-15;18;0.0;0.7976459264755249;0.0;2.6168392525525763;0.0;5.0
2023071606;2023-07-16;6;0.0;0.44304561614990234;0.0;2.2622389422269538;0.0;3.0
2023071612;2023-07-16;12;0.0;0.0;0.0;1.414488397678919;0.0;3.0
2023071618;2023-07-16;18;0.0;0.9748959541320801;0.0;2.7940892802091315;0.0;2.0
2023071706;2023-07-17;6;1.5726186037063599;3.1429808139801025;0.0022563934326171875;4.962174140057154;0.0;4.0
2023071712;2023-07-17;12;2.5167572498321533;4.087119460105896;0.9463950395584106;5.906312786182948;0.0;5.0
2023071718;2023-07-17;18;3.0084927082061768;4.578854918479919;1.438130497932434;6.398048244556971;0.0;5.0
2023071806;2023-07-18;6;0.0;0.5748676061630249;0.0;2.3940609322400763;0.0;5.0
2023071812;2023-07-18;12;0.0;0.0;0.0;0.7643166409345343;0.0;4.0
2023071818;2023-07-18;18;0.0;0.0;0.0;0.9248913155408576;0.0;4.0
2023071906;2023-07-19;6;0.24085350334644318;1.8112157136201859;0.0;3.6304090396972373;0.0;4.0
2023071912;2023-07-19;12;0.23164670169353485;1.8020089119672775;0.0;3.621202238044329;0.0;4.0
2023071918;2023-07-19;18;2.348050594329834;3.9184128046035767;0.7776883840560913;5.7376061306806285;0.0;4.0
2023072006;2023-07-20;6;0.0;0.7649752497673035;0.0;2.584168575844355;0.0;3.0
2023072012;2023-07-20;12;0.0;0.23323357105255127;0.0;2.0524268971296027;0.0;4.0
2023072018;2023-07-20;18;0.0;1.2574520111083984;0.0;3.07664533718545;0.0;4.0
2023072106;2023-07-21;6;3.9583752155303955;5.528737425804138;2.388013005256653;7.34793075188119;0.5688196791796014;6.0
2023072112;2023-07-21;12;4.308555603027344;5.878917813301086;2.738193392753601;7.698111139378138;0.9190000666765497;5.0
2023072118;2023-07-21;18;5.053958415985107;6.62432062625885;3.4835962057113647;8.0;1.6644028796343133;4.0
2023072206;2023-07-22;6;3.9961752891540527;5.566537499427795;2.42581307888031;7.385730825504847;0.6066197528032586;5.0
2023072212;2023-07-22;12;4.525060653686523;6.095422863960266;2.9546984434127808;7.914616190037318;1.1355051173357293;4.0
2023072218;2023-07-22;18;5.772024154663086;7.342386364936829;4.201661944389343;8.0;2.382468618312292;4.0
2023072306;2023-07-23;6;0.3453753888607025;1.9157375991344452;0.0;3.7349309252114966;0.0;6.0
2023072312;2023-07-23;12;0.0;0.0;0.0;1.797862969479151;0.0;5.0
2023072318;2023-07-23;18;0.0;1.3605609983205795;0.0;3.179754324397631;0.0;5.0
2023072406;2023-07-24;6;0.3212522864341736;1.8916144967079163;0.0;3.7108078227849677;0.0;5.0
2023072412;2023-07-24;12;0.0;0.7857493162155151;0.0;2.6049426422925666;0.0;5.0
2023072418;2023-07-24;18;0.0;0.8836017847061157;0.0;2.702795110783167;0.0;5.0
2023072506;2023-07-25;6;0.0;1.0690997242927551;0.0;2.8882930503698065;0.0;4.0
2023072512;2023-07-25;12;0.0;0.0;0.0;1.4582296238752082;0.0;5.0
2023072518;2023-07-25;18;0.0;0.030216336250305176;0.0;1.8494096623273566;0.0;4.0
2023072606;2023-07-26;6;0.0;0.6555655598640442;0.0;2.4747588859410956;0.0;5.0
2023072612;2023-07-26;12;0.0;0.0;0.0;0.21802815063912417;0.0;4.0
2023072618;2023-07-26;18;0.0;0.0;0.0;1.1294816361280158;0.0;4.0
2023072706;2023-07-27;6;0.0;1.3635929077863693;0.0;3.1827862338634207;0.0;3.0
2023072712;2023-07-27;12;0.0;0.0;0.0;1.4604957924695685;0.0;3.0
2023072718;2023-07-27;18;0.0;0.07302236557006836;0.0;1.8922156916471198;0.0;3.0
2023072806;2023-07-28;6;2.4230523109436035;3.993414521217346;0.8526901006698608;5.812607847294398;0.0;6.0
2023072812;2023-07-28;12;3.517465114593506;5.0878273248672485;1.9471029043197632;6.9070206509443;0.12790957824271176;5.0
2023072818;2023-07-28;18;5.268280029296875;6.838642239570618;3.6979178190231323;8.0;1.878724492946081;5.0
2023072906;2023-07-29;6;3.2610673904418945;4.831429600715637;1.6907051801681519;6.650622926792689;0.0;4.0
2023072912;2023-07-29;12;3.1307857036590576;4.7011479139328;1.560423493385315;6.520341240009852;0.0;5.0
2023072918;2023-07-29;18;4.973065376281738;6.543427586555481;3.4027031660079956;8.0;1.5835098399309442;5.0
2023073006;2023-07-30;6;0.0;1.350677952170372;0.0;3.1698712782474234;0.0;4.0
2023073012;2023-07-30;12;0.0;0.06636667251586914;0.0;1.8855599985929206;0.0;5.0
2023073018;2023-07-30;18;0.0;0.6600088477134705;0.0;2.479202173790522;0.0;5.0
2023073106;2023-07-31;6;0.1673630326986313;1.737725242972374;0.0;3.5569185690494254;0.0;5.0
2023073112;2023-07-31;12;0.0;0.9798149466514587;0.0;2.79900827272851;0.0;3.0
2023073118;2023-07-31;18;0.7891632318496704;2.359525442123413;0.0;4.178718768200465;0.0;4.0
2023080106;2023-08-01;6;0.0;0.994956374168396;0.0;2.8141497002454474;0.0;4.0
2023080112;2023-08-01;12;0.0;0.0;0.0;1.543867550930567;0.0;4.0
2023080118;2023-08-01;18;0.0;0.890526533126831;0.0;2.7097198592038825;0.0;5.0
2023080206;2023-08-02;6;0.6471516489982605;2.217513859272003;0.0;4.036707185349055;0.0;5.0
2023080212;2023-08-02;12;0.0;0.9694885015487671;0.0;2.7886818276258185;0.0;4.0
2023080218;2023-08-02;18;0.5559112429618835;2.126273453235626;0.0;3.9454667793126776;0.0;5.0
2023080306;2023-08-03;6;1.9090367555618286;3.4793989658355713;0.33867454528808594;5.298592291912623;0.0;5.0
2023080312;2023-08-03;12;2.1181771755218506;3.6885393857955933;0.5478149652481079;5.507732711872645;0.0;6.0
2023080318;2023-08-03;18;3.0293781757354736;4.599740386009216;1.459015965461731;6.418933712086268;0.0;6.0
2023080406;2023-08-04;6;0.0;1.1694132685661316;0.0;2.988606594643183;0.0;4.0
2023080412;2023-08-04;12;0.0;0.22314691543579102;0.0;2.0423402415128424;0.0;4.0
2023080418;2023-08-04;18;0.0;1.0807896256446838;0.0;2.8999829517217353;0.0;4.0
2023080506;2023-08-05;6;2.398602247238159;3.968964457511902;0.8282400369644165;5.788157783588954;0.0;5.0
2023080512;2023-08-05;12;1.8507474660873413;3.421109676361084;0.28038525581359863;5.240303002438136;0.0;5.0
2023080518;2023-08-05;18;3.3887546062469482;4.959116816520691;1.8183923959732056;6.778310142597743;0.0;5.0
2023080606;2023-08-06;6;0.0;1.5477703399956226;0.0;3.366963666072674;0.0;5.0
2023080612;2023-08-06;12;0.0;0.2780742645263672;0.0;2.0972675906034186;0.0;4.0
2023080618;2023-08-06;18;0.0;0.8262204527854919;0.0;2.6454137788625434;0.0;5.0
2023080706;2023-08-07;6;0.8931683301925659;2.4635305404663086;0.0;4.2827238665433605;0.0;3.0
2023080712;2023-08-07;12;0.9063438773155212;2.476706087589264;0.0;4.295899413666316;0.0;4.0
2023080718;2023-08-07;18;1.20500910282135;2.7753713130950928;0.0;4.594564639172145;0.0;3.0
2023080806;2023-08-08;6;0.5158076286315918;2.0861698389053345;0.0;3.905363164982386;0.0;4.0
2023080812;2023-08-08;12;0.172499880194664;1.7428620904684067;0.0;3.562055416545458;0.0;4.0
2023080818;2023-08-08;18;0.8722956776618958;2.4426578879356384;0.0;4.26185121401269;0.0;4.0
2023080906;2023-08-09;6;0.43100228905677795;2.0013644993305206;0.0;3.820557825407572;0.0;3.0
2023080912;2023-08-09;12;0.0;1.405841886997223;0.0;3.2250352130742743;0.0;4.0
2023080918;2023-08-09;18;0.0;1.032529592514038;0.0;2.8517229185910895;0.0;4.0
2023081006;2023-08-10;6;1.751802921295166;3.3221651315689087;0.18144071102142334;5.1413584576459606;0.0;6.0
2023081012;2023-08-10;12;1.6070728302001953;3.177435040473938;0.03671061992645264;4.99662836655099;0.0;5.0
2023081018;2023-08-10;18;2.3099887371063232;3.880350947380066;0.7396265268325806;5.699544273457118;0.0;6.0
2023081106;2023-08-11;6;1.9232029914855957;3.4935652017593384;0.352840781211853;5.31275852783639;0.0;6.0
2023081112;2023-08-11;12;1.4621833562850952;3.032545566558838;0.0;4.85173889263589;0.0;6.0
2023081118;2023-08-11;18;1.5075815916061401;3.077943801879883;0.0;4.897137127956935;0.0;6.0
2023081206;2023-08-12;6;2.485524892807007;4.0558871030807495;0.9151626825332642;5.875080429157801;0.0;6.0
2023081212;2023-08-12;12;2.6511847972869873;4.22154700756073;1.0808225870132446;6.040740333637782;0.0;6.0
2023081218;2023-08-12;18;3.2174994945526123;4.787861704826355;1.6471372842788696;6.607055030903407;0.0;6.0
2023081306;2023-08-13;6;1.031042456626892;2.6014046669006348;0.0;4.420597992977687;0.0;5.0
2023081312;2023-08-13;12;1.0689277648925781;2.639289975166321;0.0;4.458483301243373;0.0;4.0
2023081318;2023-08-13;18;1.710800051689148;3.2811622619628906;0.14043784141540527;5.1003555880399425;0.0;5.0
2023081406;2023-08-14;6;3.467846632003784;5.038208842277527;1.8974844217300415;6.857402168354579;0.07829109565299008;5.0
2023081412;2023-08-14;12;3.728769302368164;5.299131512641907;2.1584070920944214;7.118324838718959;0.33921376601736997;5.0
2023081418;2023-08-14;18;5.620745658874512;7.191107869148254;4.050383448600769;8.0;2.2311901225237176;5.0
2023081506;2023-08-15;6;0.38559475541114807;1.9559569656848907;0.0;3.775150291761942;0.0;7.0
2023081512;2023-08-15;12;0.0;0.7355515360832214;0.0;2.554744862160273;0.0;6.0
2023081518;2023-08-15;18;0.0;1.3609060049057007;0.0;3.180099330982752;0.0;4.0
2023081606;2023-08-16;6;0.004124441184103489;1.5744866514578462;0.0;3.3936799775348976;0.0;4.0
2023081612;2023-08-16;12;0.0;0.7035938501358032;0.0;2.5227871762128546;0.0;4.0
2023081618;2023-08-16;18;0.0;0.6783419251441956;0.0;2.497535251221247;0.0;5.0
2023081706;2023-08-17;6;0.0;1.5477141588926315;0.0;3.366907484969683;0.0;4.0
2023081712;2023-08-17;12;0.0;0.870331346988678;0.0;2.6895246730657294;0.0;4.0
2023081718;2023-08-17;18;0.0;0.6084908843040466;0.0;2.427684210381098;0.0;3.0
2023081806;2023-08-18;6;2.0889792442321777;3.6593414545059204;0.5186170339584351;5.478534780582972;0.0;4.0
2023081812;2023-08-18;12;1.8687084913253784;3.439070701599121;0.29834628105163574;5.258264027676173;0.0;4.0
2023081818;2023-08-18;18;3.073441743850708;4.643803954124451;1.5030795335769653;6.4629972802015025;0.0;4.0
2023081906;2023-08-19;6;0.07800818979740143;1.648370400071144;0.0;3.4675637261481955;0.0;4.0
2023081912;2023-08-19;12;0.0;0.0;0.0;1.6289971695752814;0.0;4.0
2023081918;2023-08-19;18;0.0;0.5398198366165161;0.0;2.3590131626935675;0.0;3.0
2023082006;2023-08-20;6;0.8848970532417297;2.4552592635154724;0.0;4.274452589592524;0.0;3.0
2023082012;2023-08-20;12;0.26744458079338074;1.8378067910671234;0.0;3.657000117144175;0.0;3.0
2023082018;2023-08-20;18;1.8572050333023071;3.42756724357605;0.28684282302856445;5.246760569653102;0.0;4.0
2023082106;2023-08-21;6;1.1380650997161865;2.708427309989929;0.0;4.527620636066981;0.0;5.0
2023082112;2023-08-21;12;0.5433245897293091;2.1136868000030518;0.0;3.932880126080103;0.0;4.0
2023082118;2023-08-21;18;1.892752766609192;3.4631149768829346;0.3223905563354492;5.282308302959986;0.0;5.0
2023082206;2023-08-22;6;1.4564330577850342;3.026795268058777;0.0;4.845988594135829;0.0;4.0
2023082212;2023-08-22;12;0.46546265482902527;2.035824865102768;0.0;3.8550181911798194;0.0;3.0
2023082218;2023-08-22;18;1.679646372795105;3.2500085830688477;0.1092841625213623;5.0692019091458995;0.0;4.0
2023082306;2023-08-23;6;0.6416106224060059;2.2119728326797485;0.0;4.0311661587568;0.0;4.0
2023082312;2023-08-23;12;0.0;0.0;0.0;1.6708441601606085;0.0;4.0
2023082318;2023-08-23;18;0.0;0.29141461849212646;0.0;2.110607944569178;0.0;5.0
2023082406;2023-08-24;6;0.0;0.6300383806228638;0.0;2.449231706699915;0.0;4.0
2023082412;2023-08-24;12;0.0;0.0;0.0;0.9604416714521125;0.0;4.0
2023082418;2023-08-24;18;0.0;0.0;0.0;1.3439868317456916;0.0;3.0
2023082506;2023-08-25;6;0.27709388732910156;1.8474560976028442;0.0;3.6666494236798957;0.0;5.0
2023082512;2023-08-25;12;0.0;0.6992523670196533;0.0;2.5184456930967047;0.0;5.0
2023082518;2023-08-25;18;0.0;1.2941750288009644;0.0;3.1133683548780158;0.0;5.0
2023082606;2023-08-26;6;0.0;1.2051339745521545;0.0;3.024327300629206;0.0;5.0
2023082612;2023-08-26;12;0.0;0.17323005199432373;0.0;1.9924233780713752;0.0;4.0
2023082618;2023-08-26;18;0.0;0.007085204124450684;0.0;1.826278530201502;0.0;5.0
2023082706;2023-08-27;6;0.9263492822647095;2.496711492538452;0.0;4.315904818615504;0.0;5.0
2023082712;2023-08-27;12;0.008339115418493748;1.5787013256922364;0.0;3.397894651769288;0.0;6.0
2023082718;2023-08-27;18;0.32908180356025696;1.8994440138339996;0.0;3.718637339911051;0.0;6.0
2023082806;2023-08-28;6;0.0;1.1261348724365234;0.0;2.945328198513575;0.0;4.0
2023082812;2023-08-28;12;0.0;0.4672585725784302;0.0;2.2864518986554816;0.0;4.0
2023082818;2023-08-28;18;0.0;0.03158295154571533;0.0;1.8507762776227668;0.0;4.0
2023082906;2023-08-29;6;0.0016166726127266884;1.5719788828864694;0.0;3.391172208963521;0.0;5.0
2023082912;2023-08-29;12;0.0;0.2923349142074585;0.0;2.11152824028451;0.0;4.0
2023082918;2023-08-29;18;0.0;0.08260083198547363;0.0;1.901794158062525;0.0;4.0
2023083006;2023-08-30;6;1.872260570526123;3.4426227807998657;0.30189836025238037;5.261816106876918;0.0;5.0
2023083012;2023-08-30;12;0.761757493019104;2.3321197032928467;0.0;4.1513130293698985;0.0;6.0
2023083018;2023-08-30;18;1.3797093629837036;2.9500715732574463;0.0;4.769264899334498;0.0;5.0
2023083106;2023-08-31;6;0.0;1.1250320971012115;0.0;2.944225423178263;0.0;5.0
2023083112;2023-08-31;12;0.0;0.2544870376586914;0.0;2.073680363735743;0.0;4.0
2023083118;2023-08-31;18;0.0;0.6057758331298828;0.0;2.4249691592069342;0.0;4.0
2023090106;2023-09-01;6;0.0;1.197454959154129;0.0;3.0166482852311804;0.0;3.0
2023090112;2023-09-01;12;0.0;0.0;0.0;1.5997758732648566;0.0;4.0
2023090118;2023-09-01;18;0.0;0.0;0.0;1.2797973976941779;0.0;4.0
2023090206;2023-09-02;6;0.0;1.1156891286373138;0.0;2.9348824547143653;0.0;4.0
2023090212;2023-09-02;12;0.0;0.10029125213623047;0.0;1.919484578213282;0.0;3.0
2023090218;2023-09-02;18;0.0;0.016767024993896484;0.0;1.835960351070948;0.0;5.0
2023090306;2023-09-03;6;1.5445261001586914;3.114888310432434;0.0;4.934081636509486;0.0;5.0
2023090312;2023-09-03;12;0.03292277082800865;1.6032849811017513;0.0;3.4224783071788027;0.0;5.0
2023090318;2023-09-03;18;0.0;1.5127732828259468;0.0;3.3319666089029982;0.0;5.0
2023090406;2023-09-04;6;0.515097975730896;2.0854601860046387;0.0;3.90465351208169;0.0;4.0
2023090412;2023-09-04;12;0.0;0.014322996139526367;0.0;1.8335163222165778;0.0;4.0
2023090418;2023-09-04;18;0.0;0.5574549436569214;0.0;2.376648269733973;0.0;4.0
2023090506;2023-09-05;6;0.8892929553985596;2.4596551656723022;0.0;4.278848491749354;0.0;4.0
2023090512;2023-09-05;12;0.0;1.3537009954452515;0.0;3.172894321522303;0.0;4.0
2023090518;2023-09-05;18;0.20512741804122925;1.775489628314972;0.0;3.5946829543920233;0.0;4.0
2023090606;2023-09-06;6;1.4642173051834106;3.0345795154571533;0.0;4.853772841534205;0.0;4.0
2023090612;2023-09-06;12;0.0;1.566923507489264;0.0;3.3861168335663154;0.0;4.0
2023090618;2023-09-06;18;0.008667458780109882;1.5790296690538526;0.0;3.398222995130904;0.0;4.0
2023090706;2023-09-07;6;0.330868124961853;1.9012303352355957;0.0;3.720423661312647;0.0;5.0
2023090712;2023-09-07;12;0.0;0.8878792524337769;0.0;2.7070725785108283;0.0;4.0
2023090718;2023-09-07;18;0.0;0.0542292594909668;0.0;1.8734225855680182;0.0;4.0
2023090806;2023-09-08;6;0.0;1.3945957571268082;0.0;3.2137890832038596;0.0;5.0
2023090812;2023-09-08;12;0.0;0.0;0.0;1.4509477244229987;0.0;4.0
2023090818;2023-09-08;18;0.0;0.0;0.0;1.2405618058057502;0.0;2.0
2023090906;2023-09-09;6;0.4222922623157501;1.9926544725894928;0.0;3.811847798666544;0.0;3.0
2023090912;2023-09-09;12;0.0;1.0793193578720093;0.0;2.8985126839490607;0.0;4.0
2023090918;2023-09-09;18;0.0;1.4400377720594406;0.0;3.259231098136492;0.0;4.0
2023091006;2023-09-10;6;0.5449362993240356;2.1152985095977783;0.0;3.9344918356748297;0.0;6.0
2023091012;2023-09-10;12;0.0;1.169251263141632;0.0;2.9884445892186835;0.0;5.0
2023091018;2023-09-10;18;0.0;0.6039054989814758;0.0;2.4230988250585273;0.0;4.0
2023091106;2023-09-11;6;1.5884878635406494;3.158850073814392;0.01812565326690674;4.978043399891444;0.0;4.0
2023091112;2023-09-11;12;0.1462109535932541;1.7165731638669968;0.0;3.535766489944048;0.0;4.0
2023091118;2023-09-11;18;0.2527594268321991;1.8231216371059418;0.0;3.642314963182993;0.0;5.0
2023091206;2023-09-12;6;0.7677510380744934;2.338113248348236;0.0;4.157306574425288;0.0;5.0
2023091212;2023-09-12;12;0.0;0.11486184597015381;0.0;1.9340551720472052;0.0;4.0
2023091218;2023-09-12;18;0.0;0.0;0.0;1.316963277897425;0.0;4.0
2023091306;2023-09-13;6;0.0;0.7576708197593689;0.0;2.5768641458364203;0.0;5.0
2023091312;2023-09-13;12;0.0;0.5872159004211426;0.0;2.406409226498194;0.0;4.0
2023091318;2023-09-13;18;0.0;0.34902751445770264;0.0;2.168220840534754;0.0;4.0
2023091406;2023-09-14;6;0.7907121181488037;2.3610743284225464;0.0;4.180267654499598;0.0;5.0
2023091412;2023-09-14;12;0.0;0.8897294402122498;0.0;2.708922766289301;0.0;4.0
2023091418;2023-09-14;18;0.25919109582901;1.8295533061027527;0.0;3.648746632179804;0.0;4.0
2023091506;2023-09-15;6;0.0;0.7868990302085876;0.0;2.606092356285639;0.0;4.0
2023091512;2023-09-15;12;0.0;0.5629624128341675;0.0;2.382155738911219;0.0;4.0
2023091518;2023-09-15;18;0.0;0.45815515518188477;0.0;2.277348481258936;0.0;4.0
2023091606;2023-09-16;6;0.6057572960853577;2.1761195063591003;0.0;3.9953128324361518;0.0;4.0
2023091612;2023-09-16;12;0.0;1.2352741658687592;0.0;3.0544674919458106;0.0;4.0
2023091618;2023-09-16;18;0.019451096653938293;1.589813306927681;0.0;3.4090066330047324;0.0;3.0
2023091706;2023-09-17;6;1.0335053205490112;2.603867530822754;0.0;4.423060856899806;0.0;4.0
2023091712;2023-09-17;12;0.0;0.6980289220809937;0.0;2.517222248158045;0.0;4.0
2023091718;2023-09-17;18;0.0;0.29123127460479736;0.0;2.110424600681849;0.0;4.0
2023091806;2023-09-18;6;0.8396809101104736;2.4100431203842163;0.0;4.229236446461268;0.0;5.0
2023091812;2023-09-18;12;0.0;1.2228678464889526;0.0;3.042061172566004;0.0;4.0
2023091818;2023-09-18;18;0.0;1.3104487657546997;0.0;3.129642091831751;0.0;5.0
2023091906;2023-09-19;6;0.0;0.6486348509788513;0.0;2.4678281770559027;0.0;4.0
2023091912;2023-09-19;12;0.0;0.3549346923828125;0.0;2.174128018459864;0.0;5.0
2023091918;2023-09-19;18;0.0;0.0;0.0;1.468455158314295;0.0;5.0
2023092006;2023-09-20;6;0.0;1.1771016418933868;0.0;2.9962949679704383;0.0;5.0
2023092012;2023-09-20;12;0.0;0.0;0.0;1.7160167322965338;0.0;4.0
2023092018;2023-09-20;18;0.0;0.015047788619995117;0.0;1.8342411146970465;0.0;4.0
2023092106;2023-09-21;6;0.0;1.079901933670044;0.0;2.8990952597470954;0.0;5.0
2023092112;2023-09-21;12;0.0;0.0;0.0;1.5901924000592902;0.0;4.0
2023092118;2023-09-21;18;0.0;0.0;0.0;1.4083392248960211;0.0;4.0
2023092206;2023-09-22;6;0.0;1.537800643593073;0.0;3.3569939696701243;0.0;4.0
2023092212;2023-09-22;12;0.0;1.2694356441497803;0.0;3.0886289702268317;0.0;3.0
2023092218;2023-09-22;18;0.0;0.8747597336769104;0.0;2.693953059753962;0.0;2.0
2023092306;2023-09-23;6;0.0;1.296414315700531;0.0;3.1156076417775824;0.0;4.0
2023092312;2023-09-23;12;0.0;0.0;0.0;0.9770453797193244;0.0;3.0
2023092318;2023-09-23;18;0.0;0.0;0.0;1.039279066166468;0.0;3.0
2023092406;2023-09-24;6;0.0;1.2812435328960419;0.0;3.1004368589730933;0.0;2.0
2023092412;2023-09-24;12;0.0;0.0;0.0;0.7747891770215705;0.0;2.0
2023092418;2023-09-24;18;0.0;0.0;0.0;1.0338734017224982;0.0;2.0
2023092506;2023-09-25;6;0.26850929856300354;1.8388715088367462;0.0;3.6580648349137976;0.0;4.0
2023092512;2023-09-25;12;0.0;0.3644576072692871;0.0;2.1836509333463385;0.0;4.0
2023092518;2023-09-25;18;0.0;0.0;0.0;1.088220201572962;0.0;2.0
2023092606;2023-09-26;6;0.15905171632766724;1.72941392660141;0.0;3.5486072526784613;0.0;4.0
2023092612;2023-09-26;12;0.0;0.16547608375549316;0.0;1.9846694098325446;0.0;3.0
2023092618;2023-09-26;18;0.0;0.0;0.0;1.386205516895838;0.0;3.0
2023092706;2023-09-27;6;0.5165330171585083;2.086895227432251;0.0;3.9060885535093024;0.0;6.0
2023092712;2023-09-27;12;0.0;1.1188785135746002;0.0;2.9380718396516516;0.0;5.0
2023092718;2023-09-27;18;0.0;0.10103058815002441;0.0;1.9202239142270758;0.0;4.0
2023092806;2023-09-28;6;0.8616327047348022;2.431994915008545;0.0;4.251188241085597;0.0;6.0
2023092812;2023-09-28;12;0.18852315843105316;1.7588853687047958;0.0;3.5780786947818473;0.0;5.0
2023092818;2023-09-28;18;0.43659788370132446;2.006960093975067;0.0;3.8261534200521186;0.0;6.0
2023092906;2023-09-29;6;0.13451127707958221;1.704873487353325;0.0;3.5240668134303763;0.0;7.0
2023092912;2023-09-29;12;0.0;1.2596332132816315;0.0;3.078826539358683;0.0;5.0
2023092918;2023-09-29;18;0.0;1.1220982670783997;0.0;2.941291593155451;0.0;4.0
2023093006;2023-09-30;6;0.0;1.21090629696846;0.0;3.0300996230455115;0.0;5.0
2023093012;2023-09-30;12;0.0;0.4206959009170532;0.0;2.2398892269941046;0.0;3.0
2023093018;2023-09-30;18;0.0;0.3231717348098755;0.0;2.142365060886927;0.0;5.0
2023100106;2023-10-01;6;0.4954372048377991;2.0657994151115417;0.0;3.884992741188593;0.0;4.0
2023100112;2023-10-01;12;0.0;0.5313491821289062;0.0;2.3505425082059577;0.0;4.0
2023100118;2023-10-01;18;0.0;0.23964500427246094;0.0;2.0588383303495124;0.0;5.0
2023100206;2023-10-02;6;1.299810767173767;2.8701729774475098;0.0;4.689366303524562;0.0;6.0
2023100212;2023-10-02;12;0.2556513249874115;1.8260135352611542;0.0;3.6452068613382056;0.0;5.0
2023100218;2023-10-02;18;0.0;0.21119022369384766;0.0;2.030383549770899;0.0;3.0
2023100306;2023-10-03;6;0.8844738602638245;2.454836070537567;0.0;4.274029396614619;0.0;5.0
2023100312;2023-10-03;12;0.0;0.9083120226860046;0.0;2.727505348763056;0.0;5.0
2023100318;2023-10-03;18;0.0;0.0;0.0;1.6798632965894416;0.0;6.0
2023100406;2023-10-04;6;0.43117862939834595;2.0015408396720886;0.0;3.82073416574914;0.0;3.0
2023100412;2023-10-04;12;0.0;0.5189621448516846;0.0;2.338155470928736;0.0;5.0
2023100418;2023-10-04;18;0.0;0.0;0.0;1.7346386538358405;0.0;4.0
2023100506;2023-10-05;6;0.763070285320282;2.3334324955940247;0.0;4.1526258216710765;0.0;5.0
2023100512;2023-10-05;12;0.0;1.5276964008808136;0.0;3.346889726957865;0.0;4.0
2023100518;2023-10-05;18;0.0;1.2930047512054443;0.0;3.1121980772824958;0.0;5.0
2023100606;2023-10-06;6;1.0635969638824463;2.633959174156189;0.0;4.453152500233241;0.0;6.0
2023100612;2023-10-06;12;0.0;1.078300952911377;0.0;2.8974942789884284;0.0;4.0
2023100618;2023-10-06;18;0.0;1.249995857477188;0.0;3.0691891835542395;0.0;5.0
2023100706;2023-10-07;6;1.0818796157836914;2.652241826057434;0.0;4.471435152134486;0.0;5.0
2023100712;2023-10-07;12;0.0;1.2806175351142883;0.0;3.0998108611913398;0.0;4.0
2023100718;2023-10-07;18;0.0;0.6901169419288635;0.0;2.509310268005915;0.0;4.0
2023100806;2023-10-08;6;0.23167499899864197;1.8020372092723846;0.0;3.621230535349436;0.0;6.0
2023100812;2023-10-08;12;0.0;1.5568151632323861;0.0;3.3760084893094375;0.0;4.0
2023100818;2023-10-08;18;0.0;0.0;0.0;1.5423528776975348;0.0;4.0
2023100906;2023-10-09;6;0.0;0.8130002617835999;0.0;2.6321935878606513;0.0;4.0
2023100912;2023-10-09;12;0.0;0.04988515377044678;0.0;1.8690784798474982;0.0;4.0
2023100918;2023-10-09;18;0.0;0.0;0.0;1.5378589259000495;0.0;4.0
2023101006;2023-10-10;6;0.6665416359901428;2.2369038462638855;0.0;4.056097172340937;0.0;5.0
2023101012;2023-10-10;12;0.0;0.44451045989990234;0.0;2.2637037859769538;0.0;4.0
2023101018;2023-10-10;18;0.0;0.40065598487854004;0.0;2.2198493109555915;0.0;4.0
2023101106;2023-10-11;6;0.11261194199323654;1.6829741522669792;0.0;3.5021674783440306;0.0;5.0
2023101112;2023-10-11;12;0.0;0.8098904490470886;0.0;2.62908377512414;0.0;4.0
2023101118;2023-10-11;18;0.0;0.15141797065734863;0.0;1.9706112967344;0.0;4.0
2023101206;2023-10-12;6;0.16866321861743927;1.739025428891182;0.0;3.5582187549682334;0.0;4.0
2023101212;2023-10-12;12;0.0;0.4387725591659546;0.0;2.257965885243006;0.0;4.0
2023101218;2023-10-12;18;0.0;0.0;0.0;1.0909601078839972;0.0;4.0
2023101306;2023-10-13;6;0.0;0.9481844305992126;0.0;2.767377756676264;0.0;5.0
2023101312;2023-10-13;12;0.0;0.16301119327545166;0.0;1.982204519352503;0.0;3.0
2023101318;2023-10-13;18;0.0;0.0;0.0;0.8642657624097541;0.0;3.0
2023101406;2023-10-14;6;0.0;0.8562248945236206;0.0;2.675418220600672;0.0;4.0
2023101412;2023-10-14;12;0.0;0.09500658512115479;0.0;1.9141999111982062;0.0;4.0
2023101418;2023-10-14;18;0.0;0.0;0.0;1.4472531901212409;0.0;3.0
2023101506;2023-10-15;6;2.1545276641845703;3.724889874458313;0.5841654539108276;5.544083200535365;0.0;5.0
2023101512;2023-10-15;12;0.9985120296478271;2.56887423992157;0.0;4.388067565998622;0.0;5.0
2023101518;2023-10-15;18;1.7340235710144043;3.304385781288147;0.16366136074066162;5.123579107365199;0.0;4.0
2023101606;2023-10-16;6;0.8014593720436096;2.3718215823173523;0.0;4.191014908394404;0.0;5.0
2023101612;2023-10-16;12;0.5628288984298706;2.1331911087036133;0.0;3.9523844347806647;0.0;5.0
2023101618;2023-10-16;18;0.0;1.331389844417572;0.0;3.1505831704946234;0.0;5.0
2023101706;2023-10-17;6;0.6297951936721802;2.200157403945923;0.0;4.019350730022975;0.0;5.0
2023101712;2023-10-17;12;0.6444993019104004;2.214861512184143;0.0;4.034054838261195;0.0;4.0
2023101718;2023-10-17;18;0.6841045618057251;2.2544667720794678;0.0;4.07366009815652;0.0;5.0
2023101806;2023-10-18;6;0.35074687004089355;1.9211090803146362;0.0;3.7403024063916877;0.0;4.0
2023101812;2023-10-18;12;0.0;0.560155987739563;0.0;2.3793493138166144;0.0;5.0
2023101818;2023-10-18;18;0.0;0.056938767433166504;0.0;1.876132093510218;0.0;4.0
2023101906;2023-10-19;6;0.0;0.9646390676498413;0.0;2.7838323937268927;0.0;6.0
2023101912;2023-10-19;12;0.0;0.2815893888473511;0.0;2.1007827149244025;0.0;5.0
2023101918;2023-10-19;18;0.0;0.0;0.0;1.3090353833051398;0.0;4.0
2023102006;2023-10-20;6;0.0;1.176651954650879;0.0;2.9958452807279303;0.0;5.0
2023102012;2023-10-20;12;0.0;0.30906617641448975;0.0;2.128259502491541;0.0;4.0
2023102018;2023-10-20;18;0.0;0.0;0.0;1.417482577404566;0.0;5.0
2023102106;2023-10-21;6;0.0;1.062224268913269;0.0;2.8814175949903205;0.0;6.0
2023102112;2023-10-21;12;0.4596836566925049;2.0300458669662476;0.0;3.849239193043299;0.0;5.0
2023102118;2023-10-21;18;0.0;0.11811602115631104;0.0;1.9373093472333625;0.0;5.0
2023102206;2023-10-22;6;0.0;1.1403612196445465;0.0;2.959554545721598;0.0;5.0
2023102212;2023-10-22;12;0.0;0.0;0.0;1.6989580021711066;0.0;4.0
2023102218;2023-10-22;18;0.0;0.0;0.0;1.257564388355799;0.0;4.0
2023102306;2023-10-23;6;0.0;1.4684793055057526;0.0;3.287672631582804;0.0;6.0
2023102312;2023-10-23;12;0.678154706954956;2.2485169172286987;0.0;4.067710243305751;0.0;6.0
2023102318;2023-10-23;18;0.0;0.6406184434890747;0.0;2.459811769566126;0.0;6.0
2023102406;2023-10-24;6;0.28120172023773193;1.8515639305114746;0.0;3.670757256588526;0.0;7.0
2023102412;2023-10-24;12;0.0;1.2564971148967743;0.0;3.0756904409738257;0.0;6.0
2023102418;2023-10-24;18;0.0;1.0542473793029785;0.0;2.87344070538003;0.0;7.0
2023102506;2023-10-25;6;0.9207140207290649;2.4910762310028076;0.0;4.3102695570798595;0.0;5.0
2023102512;2023-10-25;12;0.868050217628479;2.4384124279022217;0.0;4.2576057539792735;0.0;5.0
2023102518;2023-10-25;18;0.13533471524715424;1.705696925520897;0.0;3.5248902515979483;0.0;5.0
2023102606;2023-10-26;6;0.0;0.8964231014251709;0.0;2.7156164275022223;0.0;6.0
2023102612;2023-10-26;12;0.0;0.32841360569000244;0.0;2.147606931767054;0.0;6.0
2023102618;2023-10-26;18;0.0;0.6857016682624817;0.0;2.504894994339533;0.0;6.0
2023102706;2023-10-27;6;0.0;1.4964099302887917;0.0;3.315603256365843;0.0;6.0
2023102712;2023-10-27;12;1.1912970542907715;2.761659264564514;0.0;4.580852590641566;0.0;7.0
2023102718;2023-10-27;18;0.0;1.0088611841201782;0.0;2.8280545101972296;0.0;6.0
2023102806;2023-10-28;6;0.0;1.2091512382030487;0.0;3.0283445642801;0.0;6.0
2023102812;2023-10-28;12;0.835902214050293;2.4062644243240356;0.0;4.2254577504010875;0.0;5.0
2023102818;2023-10-28;18;0.0;0.552463173866272;0.0;2.3716564999433234;0.0;6.0
2023102906;2023-10-29;6;0.6202133297920227;2.1905755400657654;0.0;4.009768866142817;0.0;6.0
2023102912;2023-10-29;12;1.0391730070114136;2.6095352172851562;0.0;4.428728543362208;0.0;5.0
2023102918;2023-10-29;18;0.0;1.5117552876472473;0.0;3.3309486137242987;0.0;6.0
2023103006;2023-10-30;6;1.8225581645965576;3.3929203748703003;0.25219595432281494;5.212113700947352;0.0;6.0
2023103012;2023-10-30;12;3.2565488815307617;4.826911091804504;1.686186671257019;6.646104417881556;0.0;6.0
2023103018;2023-10-30;18;2.4028680324554443;3.973230242729187;0.8325058221817017;5.792423568806239;0.0;5.0
2023103106;2023-10-31;6;0.0;0.47942543029785156;0.0;2.298618756374903;0.0;6.0
2023103112;2023-10-31;12;0.0;1.0604501366615295;0.0;2.879643462738581;0.0;5.0
2023103118;2023-10-31;18;0.0;0.0;0.0;1.226448141178675;0.0;4.0
2023110106;2023-11-01;6;1.3466030359268188;2.9169652462005615;0.0;4.736158572277613;0.0;6.0
2023110112;2023-11-01;12;0.5157512426376343;2.086113452911377;0.0;3.9053067789884284;0.0;7.0
2023110118;2023-11-01;18;0.0;0.7053705453872681;0.0;2.5245638714643195;0.0;6.0
2023110206;2023-11-02;6;1.0254406929016113;2.595802903175354;0.0;4.414996229252406;0.0;6.0
2023110212;2023-11-02;12;1.6711632013320923;3.241525411605835;0.10080099105834961;5.060718737682887;0.0;7.0
2023110218;2023-11-02;18;0.32985424995422363;1.9002164602279663;0.0;3.7194097863050177;0.0;6.0
2023110306;2023-11-03;6;1.5822383165359497;3.1526005268096924;0.011876106262207031;4.971793852886744;0.0;6.0
2023110312;2023-11-03;12;0.78974848985672;2.3601107001304626;0.0;4.1793040262075145;0.0;6.0
2023110318;2023-11-03;18;0.0;0.9436190724372864;0.0;2.762812398514338;0.0;6.0
2023110406;2023-11-04;6;2.494330406188965;4.0646926164627075;0.9239681959152222;5.883885942539759;0.0;8.0
2023110412;2023-11-04;12;2.9716765880584717;4.542038798332214;1.401314377784729;6.361232124409266;0.0;6.0
2023110418;2023-11-04;18;0.9852480292320251;2.555610239505768;0.0;4.37480356558282;0.0;6.0
2023110506;2023-11-05;6;2.8935015201568604;4.463863730430603;1.3231393098831177;6.283057056507655;0.0;7.0
2023110512;2023-11-05;12;2.8004801273345947;4.370842337608337;1.230117917060852;6.190035663685389;0.0;6.0
2023110518;2023-11-05;18;1.6239722967147827;3.1943345069885254;0.05361008644104004;5.013527833065577;0.0;4.0
2023110606;2023-11-06;6;1.6694694757461548;3.2398316860198975;0.09910726547241211;5.059025012096949;0.0;6.0
2023110612;2023-11-06;12;1.0310008525848389;2.6013630628585815;0.0;4.420556388935633;0.0;5.0
2023110618;2023-11-06;18;0.0;0.7992841601371765;0.0;2.618477486214228;0.0;6.0
2023110706;2023-11-07;6;1.5711543560028076;3.1415165662765503;0.0007921457290649414;4.960709892353602;0.0;7.0
2023110712;2023-11-07;12;1.019818902015686;2.5901811122894287;0.0;4.409374438366481;0.0;6.0
2023110718;2023-11-07;18;0.0;1.1846207082271576;0.0;3.003814034304209;0.0;6.0
2023110806;2023-11-08;6;2.247680187225342;3.8180423974990845;0.6773179769515991;5.637235723576136;0.0;7.0
2023110812;2023-11-08;12;1.3759799003601074;2.94634211063385;0.0;4.765535436710902;0.0;5.0
2023110818;2023-11-08;18;0.0;1.3931999504566193;0.0;3.2123932765336707;0.0;7.0
2023110906;2023-11-09;6;2.1270105838775635;3.697372794151306;0.5566483736038208;5.516566120228358;0.0;6.0
2023110912;2023-11-09;12;2.1064341068267822;3.676796317100525;0.5360718965530396;5.495989643177577;0.0;6.0
2023110918;2023-11-09;18;0.618942141532898;2.1893043518066406;0.0;4.0084976778836925;0.0;6.0
2023111006;2023-11-10;6;0.996526300907135;2.5668885111808777;0.0;4.3860818372579295;0.0;5.0
2023111012;2023-11-10;12;0.3609435558319092;1.9313057661056519;0.0;3.7504990921827033;0.0;5.0
2023111018;2023-11-10;18;0.0;0.4950193166732788;0.0;2.3142126427503302;0.0;5.0
2023111106;2023-11-11;6;1.536333680152893;3.1066958904266357;0.0;4.925889216503688;0.0;7.0
2023111112;2023-11-11;12;1.919345736503601;3.4897079467773438;0.3489835262298584;5.308901272854396;0.0;5.0
2023111118;2023-11-11;18;0.39644914865493774;1.9668113589286804;0.0;3.786004685005732;0.0;5.0
2023111206;2023-11-12;6;1.5031770467758179;3.0735392570495605;0.0;4.892732583126612;0.0;6.0
2023111212;2023-11-12;12;0.054247647523880005;1.6246098577976227;0.0;3.443803183874674;0.0;5.0
2023111218;2023-11-12;18;0.0;0.7398452162742615;0.0;2.559038542351313;0.0;6.0
2023111306;2023-11-13;6;1.1611692905426025;2.731531500816345;0.0;4.550724826893397;0.0;4.0
2023111312;2023-11-13;12;1.028359055519104;2.5987212657928467;0.0;4.4179145918698985;0.0;4.0
2023111318;2023-11-13;18;0.0;1.2986540794372559;0.0;3.1178474055143073;0.0;6.0
2023111406;2023-11-14;6;1.890977382659912;3.461339592933655;0.32061517238616943;5.280532919010707;0.0;6.0
2023111412;2023-11-14;12;2.2665884494781494;3.836950659751892;0.6962262392044067;5.656143985828944;0.0;6.0
2023111418;2023-11-14;18;0.2867234945297241;1.8570857048034668;0.0;3.676279030880518;0.0;6.0
2023111506;2023-11-15;6;0.7529115080833435;2.323273718357086;0.0;4.142467044434138;0.0;6.0
2023111512;2023-11-15;12;2.2628378868103027;3.8332000970840454;0.6924756765365601;5.652393423161097;0.0;6.0
2023111518;2023-11-15;18;0.0;1.4233205020427704;0.0;3.242513828119822;0.0;5.0
2023111606;2023-11-16;6;1.6904730796813965;3.260835289955139;0.12011086940765381;5.080028616032191;0.0;6.0
2023111612;2023-11-16;12;1.8365223407745361;3.406884551048279;0.26616013050079346;5.226077877125331;0.0;6.0
2023111618;2023-11-16;18;0.0;1.1009559035301208;0.0;2.9201492296071723;0.0;6.0
2023111706;2023-11-17;6;1.087782859802246;2.6581450700759888;0.0;4.477338396153041;0.0;7.0
2023111712;2023-11-17;12;1.965778112411499;3.5361403226852417;0.39541590213775635;5.355333648762294;0.0;7.0
2023111718;2023-11-17;18;0.2656603455543518;1.8360225558280945;0.0;3.655215881905146;0.0;6.0
2023111806;2023-11-18;6;2.0591206550598145;3.629482865333557;0.4887584447860718;5.448676191410609;0.0;6.0
2023111812;2023-11-18;12;3.3471903800964355;4.917552590370178;1.7768281698226929;6.73674591644723;0.0;7.0
2023111818;2023-11-18;18;1.7697949409484863;3.340157151222229;0.19943273067474365;5.159350477299281;0.0;7.0
2023111906;2023-11-19;6;0.7904689908027649;2.3608312010765076;0.0;4.180024527153559;0.0;7.0
2023111912;2023-11-19;12;1.6286484003067017;3.1990106105804443;0.058286190032958984;5.018203936657496;0.0;6.0
2023111918;2023-11-19;18;0.545642614364624;2.1160048246383667;0.0;3.935198150715418;0.0;7.0
2023112006;2023-11-20;6;0.6452480554580688;2.2156102657318115;0.0;4.034803591808863;0.0;5.0
2023112012;2023-11-20;12;1.7635788917541504;3.333941102027893;0.19321668148040771;5.153134428104945;0.0;5.0
2023112018;2023-11-20;18;0.0;0.8612689971923828;0.0;2.6804623232694342;0.0;6.0
2023112106;2023-11-21;6;0.5964401960372925;2.166802406311035;0.0;3.9859957323880866;0.0;6.0
2023112112;2023-11-21;12;0.8721511960029602;2.442513406276703;0.0;4.261706732353755;0.0;6.0
2023112118;2023-11-21;18;0.0;0.64305180311203;0.0;2.4622451291890814;0.0;5.0
2023112206;2023-11-22;6;1.3865432739257812;2.956905484199524;0.0;4.776098810276576;0.0;6.0
2023112212;2023-11-22;12;2.7047040462493896;4.275066256523132;1.134341835975647;6.094259582600184;0.0;6.0
2023112218;2023-11-22;18;1.4098739624023438;2.9802361726760864;0.0;4.799429498753138;0.0;6.0
2023112306;2023-11-23;6;0.0;1.4284541606903076;0.0;3.247647486767359;0.0;6.0
2023112312;2023-11-23;12;1.811806559562683;3.382168769836426;0.24144434928894043;5.201362095913478;0.0;7.0
2023112318;2023-11-23;18;0.7523713111877441;2.322733521461487;0.0;4.141926847538539;0.0;7.0
2023112406;2023-11-24;6;0.8482743501663208;2.4186365604400635;0.0;4.237829886517115;0.0;5.0
2023112412;2023-11-24;12;0.7442024350166321;2.3145646452903748;0.0;4.133757971367427;0.0;5.0
2023112418;2023-11-24;18;0.0;0.7799180746078491;0.0;2.5991114006849005;0.0;6.0
2023112506;2023-11-25;6;0.3953548073768616;1.9657170176506042;0.0;3.7849103437276557;0.0;7.0
2023112512;2023-11-25;12;0.0;1.4717830643057823;0.0;3.2909763903828337;0.0;6.0
2023112518;2023-11-25;18;0.0;0.1600501537322998;0.0;1.9792434798093512;0.0;7.0
2023112606;2023-11-26;6;0.0;0.853203296661377;0.0;2.6723966227384284;0.0;4.0
2023112612;2023-11-26;12;0.0;1.5576413245871663;0.0;3.3768346506642177;0.0;5.0
2023112618;2023-11-26;18;0.0;0.5373671054840088;0.0;2.35656043156106;0.0;6.0
2023112706;2023-11-27;6;0.6928398609161377;2.2632020711898804;0.0;4.082395397266932;0.0;6.0
2023112712;2023-11-27;12;1.4289931058883667;2.9993553161621094;0.0;4.818548642239161;0.0;6.0
2023112718;2023-11-27;18;0.0;1.1714076697826385;0.0;2.99060099585969;0.0;6.0
2023112806;2023-11-28;6;0.0;1.5043786093592644;0.0;3.323571935436316;0.0;5.0
2023112812;2023-11-28;12;1.0959333181381226;2.6662955284118652;0.0;4.485488854488917;0.0;5.0
2023112818;2023-11-28;18;0.0;1.091760665178299;0.0;2.9109539912553504;0.0;7.0
2023112906;2023-11-29;6;0.7414259314537048;2.3117881417274475;0.0;4.130981467804499;0.0;7.0
2023112912;2023-11-29;12;1.8964284658432007;3.4667906761169434;0.326066255569458;5.285984002193995;0.0;7.0
2023112918;2023-11-29;18;0.0;1.2054049372673035;0.0;3.024598263344355;0.0;7.0
2023113006;2023-11-30;6;0.22120296955108643;1.791565179824829;0.0;3.6107585059018805;0.0;7.0
2023113012;2023-11-30;12;2.580968141555786;4.151330351829529;1.0106059312820435;5.970523677906581;0.0;7.0
2023113018;2023-11-30;18;0.5321325659751892;2.102494776248932;0.0;3.9216881023259833;0.0;6.0
2023120106;2023-12-01;6;3.1790425777435303;4.749404788017273;1.6086803674697876;6.568598114094325;0.0;6.0
2023120112;2023-12-01;12;2.2376067638397217;3.8079689741134644;0.667244553565979;5.627162300190516;0.0;5.0
2023120118;2023-12-01;18;0.6676870584487915;2.238049268722534;0.0;4.057242594799586;0.0;5.0
2023120206;2023-12-02;6;3.4921205043792725;5.062482714653015;1.9217582941055298;6.881676040730067;0.10256496802847836;8.0
2023120212;2023-12-02;12;2.101682662963867;3.67204487323761;0.5313204526901245;5.491238199314662;0.0;6.0
2023120218;2023-12-02;18;1.249853253364563;2.8202154636383057;0.0;4.6394087897153575;0.0;6.0
2023120306;2023-12-03;6;3.047743082046509;4.6181052923202515;1.4773808717727661;6.437298618397303;0.0;6.0
2023120312;2023-12-03;12;2.3440845012664795;3.914446711540222;0.7737222909927368;5.733640037617274;0.0;6.0
2023120318;2023-12-03;18;1.3078142404556274;2.87817645072937;0.0;4.697369776806422;0.0;7.0
2023120406;2023-12-04;6;2.7044947147369385;4.274856925010681;1.1341325044631958;6.094050251087733;0.0;7.0
2023120412;2023-12-04;12;2.923633098602295;4.493995308876038;1.3532708883285522;6.3131886349530895;0.0;6.0
2023120418;2023-12-04;18;1.1798181533813477;2.7501803636550903;0.0;4.569373689732142;0.0;5.0
2023120506;2023-12-05;6;3.479005813598633;5.0493680238723755;1.9086436033248901;6.868561349949427;0.08945027724783872;8.0
2023120512;2023-12-05;12;2.128736734390259;3.6990989446640015;0.5583745241165161;5.518292270741053;0.0;7.0
2023120518;2023-12-05;18;0.45665785670280457;2.0270200669765472;0.0;3.8462133930535987;0.0;7.0
2023120606;2023-12-06;6;2.386795997619629;3.9571582078933716;0.8164337873458862;5.7763515339704234;0.0;6.0
2023120612;2023-12-06;12;2.771979331970215;4.3423415422439575;1.2016171216964722;6.161534868321009;0.0;6.0
2023120618;2023-12-06;18;0.43633532524108887;2.0066975355148315;0.0;3.825890861591883;0.0;7.0
2023120706;2023-12-07;6;2.9452269077301025;4.515589118003845;1.3748646974563599;6.334782444080897;0.0;5.0
2023120712;2023-12-07;12;3.8443477153778076;5.41470992565155;2.273985505104065;7.233903251728602;0.4547921790270135;7.0
2023120718;2023-12-07;18;1.4759050607681274;3.04626727104187;0.0;4.865460597118922;0.0;7.0
2023120806;2023-12-08;6;2.6230177879333496;4.193379998207092;1.052655577659607;6.012573324284144;0.0;6.0
2023120812;2023-12-08;12;2.491405963897705;4.061768174171448;0.9210437536239624;5.8809615002485;0.0;7.0
2023120818;2023-12-08;18;0.6017865538597107;2.1721487641334534;0.0;3.991342090210505;0.0;7.0
2023120906;2023-12-09;6;0.8225240707397461;2.3928862810134888;0.0;4.212079607090541;0.0;7.0
2023120912;2023-12-09;12;0.8533004522323608;2.4236626625061035;0.0;4.242855988583155;0.0;6.0
2023120918;2023-12-09;18;0.06686971336603165;1.6372319236397743;0.0;3.4564252497168257;0.0;7.0
2023121006;2023-12-10;6;2.2445647716522217;3.8149269819259644;0.674202561378479;5.634120308003016;0.0;7.0
2023121012;2023-12-10;12;2.7030673027038574;4.2734295129776;1.1327050924301147;6.092622839054652;0.0;5.0
2023121018;2023-12-10;18;0.9395033717155457;2.5098655819892883;0.0;4.32905890806634;0.0;5.0
2023121106;2023-12-11;6;3.5011651515960693;5.071527361869812;1.9308029413223267;6.890720687946864;0.11160961524527524;6.0
2023121112;2023-12-11;12;3.5318877696990967;5.102249979972839;1.961525559425354;6.921443306049891;0.14233223334830258;8.0
2023121118;2023-12-11;18;1.502918004989624;3.0732802152633667;0.0;4.892473541340419;0.0;7.0
2023121206;2023-12-12;6;2.274212121963501;3.8445743322372437;0.7038499116897583;5.6637676583142955;0.0;8.0
2023121212;2023-12-12;12;2.241431951522827;3.81179416179657;0.6710697412490845;5.630987487873622;0.0;6.0
2023121218;2023-12-12;18;0.42805707454681396;1.9984192848205566;0.0;3.817612610897608;0.0;6.0
2023121306;2023-12-13;6;1.6724858283996582;3.242848038673401;0.10212361812591553;5.062041364750453;0.0;7.0
2023121312;2023-12-13;12;2.379608392715454;3.9499706029891968;0.8092461824417114;5.769163929066249;0.0;6.0
2023121318;2023-12-13;18;0.6268225312232971;2.19718474149704;0.0;4.016378067574092;0.0;8.0
2023121406;2023-12-14;6;1.1934242248535156;2.7637864351272583;0.0;4.58297976120431;0.0;7.0
2023121412;2023-12-14;12;2.170252799987793;3.7406150102615356;0.5998905897140503;5.5598083363385875;0.0;7.0
2023121418;2023-12-14;18;0.3072624206542969;1.8776246309280396;0.0;3.696817957005091;0.0;7.0
2023121506;2023-12-15;6;1.1496593952178955;2.720021605491638;0.0;4.53921493156869;0.0;7.0
2023121512;2023-12-15;12;0.86393803358078;2.4343002438545227;0.0;4.253493569931575;0.0;6.0
2023121518;2023-12-15;18;0.0;1.1972788870334625;0.0;3.016472213110514;0.0;7.0
2023121606;2023-12-16;6;2.075944185256958;3.6463063955307007;0.5055819749832153;5.4654997216077525;0.0;6.0
2023121612;2023-12-16;12;3.3236992359161377;4.89406144618988;1.753337025642395;6.713254772266932;0.0;6.0
2023121618;2023-12-16;18;2.1845316886901855;3.7548938989639282;0.6141694784164429;5.57408722504098;0.0;6.0
2023121706;2023-12-17;6;1.683433175086975;3.2537953853607178;0.11307096481323242;5.07298871143777;0.0;7.0
2023121712;2023-12-17;12;2.5492687225341797;4.119630932807922;0.978906512260437;5.938824258884974;0.0;7.0
2023121718;2023-12-17;18;0.13866391777992249;1.7090261280536652;0.0;3.5282194541307166;0.0;7.0
2023121806;2023-12-18;6;1.5040160417556763;3.074378252029419;0.0;4.893571578106471;0.0;7.0
2023121812;2023-12-18;12;1.6057586669921875;3.17612087726593;0.035396456718444824;4.995314203342982;0.0;6.0
2023121818;2023-12-18;18;0.0;1.1973178386688232;0.0;3.0165111647458747;0.0;6.0
2023121906;2023-12-19;6;1.6201667785644531;3.190528988838196;0.04980456829071045;5.009722314915248;0.0;7.0
2023121912;2023-12-19;12;2.752908945083618;4.323271155357361;1.1825467348098755;6.142464481434413;0.0;6.0
2023121918;2023-12-19;18;0.5871239900588989;2.1574862003326416;0.0;3.976679526409693;0.0;6.0
2023122006;2023-12-20;6;2.623840570449829;4.194202780723572;1.0534783601760864;6.013396106800624;0.0;6.0
2023122012;2023-12-20;12;3.5213277339935303;5.091689944267273;1.9509655237197876;6.910883270344325;0.13177219764273618;6.0
2023122018;2023-12-20;18;0.43842846155166626;2.008790671825409;0.0;3.8279839979024604;0.0;6.0
2023122106;2023-12-21;6;1.6816909313201904;3.252053141593933;0.11132872104644775;5.071246467670985;0.0;7.0
2023122112;2023-12-21;12;3.6346514225006104;5.205013632774353;2.0642892122268677;7.024206958851405;0.24509588614981626;6.0
2023122118;2023-12-21;18;1.9632230997085571;3.5335853099823;0.39286088943481445;5.352778636059352;0.0;7.0
2023122206;2023-12-22;6;1.9387471675872803;3.509109377861023;0.3683849573135376;5.328302703938075;0.0;6.0
2023122212;2023-12-22;12;1.8583242893218994;3.428686499595642;0.28796207904815674;5.247879825672694;0.0;7.0
2023122218;2023-12-22;18;1.3472976684570312;2.917659878730774;0.0;4.736853204807826;0.0;7.0
2023122306;2023-12-23;6;2.526688814163208;4.097051024436951;0.9563266038894653;5.9162443505140025;0.0;7.0
2023122312;2023-12-23;12;3.670672655105591;5.2410348653793335;2.100310444831848;7.060228191456385;0.2811171187547967;7.0
2023122318;2023-12-23;18;2.5652883052825928;4.1356505155563354;0.9949260950088501;5.954843841633387;0.0;8.0
2023122406;2023-12-24;6;1.9501984119415283;3.520560622215271;0.37983620166778564;5.339753948292323;0.0;8.0
2023122412;2023-12-24;12;2.913700580596924;4.4840627908706665;1.3433383703231812;6.303256116947718;0.0;8.0
2023122418;2023-12-24;18;0.9893457889556885;2.559707999229431;0.0;4.378901325306483;0.0;7.0
2023122506;2023-12-25;6;0.7822743058204651;2.3526365160942078;0.0;4.17182984217126;0.0;6.0
2023122512;2023-12-25;12;2.754023551940918;4.324385762214661;1.1836613416671753;6.1435790882917125;0.0;6.0
2023122518;2023-12-25;18;0.3545945882797241;1.9249567985534668;0.0;3.744150124630518;0.0;5.0
2023122606;2023-12-26;6;0.6197055578231812;2.190067768096924;0.0;4.009261094173976;0.0;6.0
2023122612;2023-12-26;12;2.3999388217926025;3.970301032066345;0.8295766115188599;5.789494358143397;0.0;6.0
2023122618;2023-12-26;18;0.6839271783828735;2.254289388656616;0.0;4.073482714733668;0.0;6.0
2023122706;2023-12-27;6;1.0234895944595337;2.5938518047332764;0.0;4.413045130810328;0.0;7.0
2023122712;2023-12-27;12;1.6601026058197021;3.230464816093445;0.08974039554595947;5.049658142170497;0.0;6.0
2023122718;2023-12-27;18;0.1418256163597107;1.7121878266334534;0.0;3.531381152710505;0.0;7.0
2023122806;2023-12-28;6;0.8686463832855225;2.439008593559265;0.0;4.258201919636317;0.0;7.0
2023122812;2023-12-28;12;3.1854498386383057;4.755812048912048;1.615087628364563;6.5750053749891;0.0;8.0
2023122818;2023-12-28;18;0.6959907412528992;2.266352951526642;0.0;4.085546277603694;0.0;6.0
2023122906;2023-12-29;6;1.15322744846344;2.7235896587371826;0.0;4.5427829848142345;0.0;6.0
2023122912;2023-12-29;12;2.7017533779144287;4.272115588188171;1.131391167640686;6.091308914265223;0.0;7.0
2023122918;2023-12-29;18;0.4791526198387146;2.0495148301124573;0.0;3.8687081561895087;0.0;7.0
2023123006;2023-12-30;6;0.9548107385635376;2.5251729488372803;0.0;4.344366274914332;0.0;7.0
2023123012;2023-12-30;12;1.0847877264022827;2.6551499366760254;0.0;4.474343262753077;0.0;6.0
2023123018;2023-12-30;18;0.3556827902793884;1.926045000553131;0.0;3.7452383266301825;0.0;7.0
2023123106;2023-12-31;6;1.5428204536437988;3.1131826639175415;0.0;4.932375989994593;0.0;7.0
2023123112;2023-12-31;12;3.3455419540405273;4.91590416431427;1.7751797437667847;6.735097490391322;0.0;6.0
2023123118;2023-12-31;18;1.6592416763305664;3.229603886604309;0.08887946605682373;5.048797212681361;0.0;6.0
